white_usv,white_uav,black_usv,black_uav,black_total,seed,scenario,oob_multiplier,policy,engine_result,clean_result,friendly_usv_dead,friendly_uav_dead,friendly_total_dead,enemy_combat_killed,enemy_out_of_bounds,enemy_breakthrough,enemy_survived,enemy_unknown,enemy_total,explored_area_km2,exploration_ratio,sum_unit_explored_km2,sum_damage_hits,sum_kill_credit,black_hit_reward,agent_kill_count,agent_enemy_kills,commander_source,commander_calls,sim_time,wall_time,notes
5,5,10,10,20,301,L5_20,0,harness,Result.Victory,clean_victory,2,0,2,10,0,0,0,0,10,43625.0,0.2257,156150.0,19,9,19,8,10.0,default_intent,0.0,12102.0,122.3,
5,5,10,10,20,302,L5_20,0,harness,Result.Victory,clean_victory,0,0,0,10,0,0,0,0,10,56225.0,0.2909,200450.0,18,9,18,9,10.0,default_intent,0.0,13217.0,134.2,
5,5,10,10,20,303,L5_20,0,harness,Result.Victory,quirk_victory,1,0,1,9,0,1,0,0,10,106750.0,0.5522,358350.0,17,9,18,9,10.0,default_intent,0.0,22760.0,229.4,
5,5,13,12,25,301,L5_25,0,harness,Result.Victory,clean_victory,3,0,3,13,0,0,0,0,13,50850.0,0.2631,169850.0,25,12,26,12,13.0,default_intent,0.0,14621.0,147.6,
5,5,13,12,25,302,L5_25,0,harness,Result.Victory,clean_victory,1,0,1,13,0,0,0,0,13,57350.0,0.2967,207650.0,25,12,25,12,13.0,default_intent,0.0,14984.0,151.2,
5,5,13,12,25,303,L5_25,0,harness,Result.Victory,clean_victory,2,0,2,13,0,0,0,0,13,44625.0,0.2309,165875.0,26,13,26,11,13.0,default_intent,0.0,12426.0,125.5,
5,5,15,15,30,301,L5_30,0,harness,Result.Victory,clean_victory,3,0,3,15,0,0,0,0,15,54500.0,0.2819,181250.0,29,14,29,14,15.0,default_intent,0.0,15619.0,157.7,
5,5,15,15,30,302,L5_30,0,harness,Result.Victory,clean_victory,3,0,3,15,0,0,0,0,15,97925.0,0.5066,304500.0,30,15,30,14,15.0,default_intent,0.0,24221.0,244.4,
5,5,15,15,30,303,L5_30,0,harness,Result.Victory,quirk_victory,3,1,4,14,0,1,0,0,15,99775.0,0.5162,291350.0,28,12,28,14,15.0,default_intent,0.0,22771.0,229.7,
5,5,18,17,35,301,L5_35,0,harness,Result.Victory,quirk_victory,1,0,1,18,0,0,0,0,18,95950.0,0.4964,323525.0,34,15,34,17,18.0,default_intent,0.0,22844.0,230.0,
5,5,18,17,35,302,L5_35,0,harness,Result.Victory,clean_victory,3,0,3,18,0,0,0,0,18,57600.0,0.298,210375.0,35,16,35,17,18.0,default_intent,0.0,18811.0,189.8,
5,5,18,17,35,303,L5_35,0,harness,Result.Victory,clean_victory,3,0,3,18,0,0,0,0,18,51475.0,0.2663,167000.0,34,14,35,17,18.0,default_intent,0.0,14081.0,142.3,
5,5,20,20,40,301,L5_40,0,harness,Result.Victory,quirk_victory,0,0,0,19,0,1,0,0,20,87325.0,0.4518,316050.0,38,16,38,19,20.0,default_intent,0.0,22844.0,230.4,
5,5,20,20,40,302,L5_40,0,harness,Result.Victory,quirk_victory,3,5,8,20,0,0,0,0,20,97350.0,0.5036,313900.0,38,15,38,19,20.0,default_intent,0.0,25230.0,256.2,
5,5,20,20,40,303,L5_40,0,harness,Result.Victory,clean_victory,1,1,2,20,0,0,0,0,20,58500.0,0.3026,178125.0,37,16,40,19,20.0,default_intent,0.0,15960.0,167.3,
5,5,23,22,45,301,L5_45,0,harness,Result.Victory,quirk_victory,2,0,2,23,0,0,0,0,23,82650.0,0.4276,263550.0,44,18,44,22,23.0,default_intent,0.0,22691.0,229.8,
5,5,23,22,45,302,L5_45,0,harness,Result.Victory,quirk_victory,1,5,6,23,0,0,0,0,23,92525.0,0.4787,303100.0,44,19,44,22,23.0,default_intent,0.0,25234.0,256.2,
5,5,23,22,45,303,L5_45,0,harness,Result.Victory,clean_victory,4,0,4,23,0,0,0,0,23,49875.0,0.258,174650.0,44,20,44,22,23.0,default_intent,0.0,17575.0,195.3,
10,10,25,25,50,301,L10_50,0,harness,Result.Victory,clean_victory,6,0,6,25,0,0,0,0,25,64075.0,0.3315,367925.0,48,23,48,24,25.0,default_intent,0.0,17126.0,305.5,
10,10,25,25,50,302,L10_50,0,harness,Result.Victory,quirk_victory,4,10,14,24,0,1,0,0,25,80175.0,0.4148,510250.0,48,22,48,24,25.0,default_intent,0.0,26883.0,343.4,
10,10,25,25,50,303,L10_50,0,harness,Result.Victory,clean_victory,4,0,4,25,0,0,0,0,25,59925.0,0.31,320075.0,50,24,50,24,25.0,default_intent,0.0,11988.0,279.1,
10,10,28,27,55,301,L10_55,0,harness,Result.Victory,clean_victory,8,0,8,28,0,0,0,0,28,77850.0,0.4027,411875.0,56,27,56,27,28.0,default_intent,0.0,20776.0,358.1,
10,10,28,27,55,302,L10_55,0,harness,Result.Victory,quirk_victory,5,10,15,27,0,1,0,0,28,85100.0,0.4402,488375.0,54,26,54,27,28.0,default_intent,0.0,25238.0,365.4,
10,10,28,27,55,303,L10_55,0,harness,Result.Victory,clean_victory,3,0,3,28,0,0,0,0,28,66475.0,0.3439,344275.0,56,26,56,28,28.0,default_intent,0.0,12960.0,313.6,
10,10,30,30,60,301,L10_60,0,harness,Result.Victory,clean_victory,6,4,10,30,0,0,0,0,30,74850.0,0.3872,373675.0,60,30,60,29,30.0,default_intent,0.0,17276.0,367.9,
10,10,30,30,60,302,L10_60,0,harness,Result.Defeat,clean_defeat,4,0,4,28,0,1,1,0,30,83850.0,0.4338,509500.0,56,26,56,28,29.0,default_intent,0.0,23498.0,389.6,
10,10,30,30,60,303,L10_60,0,harness,Result.Victory,quirk_victory,5,0,5,29,0,1,0,0,30,95075.0,0.4918,446150.0,58,29,58,29,30.0,default_intent,0.0,22666.0,382.8,
10,10,33,32,65,301,L10_65,0,harness,Result.Victory,clean_victory,6,0,6,33,0,0,0,0,33,67650.0,0.35,408225.0,66,32,66,32,33.0,default_intent,0.0,17362.0,401.5,
10,10,33,32,65,302,L10_65,0,harness,Result.Victory,quirk_victory,8,10,18,32,0,1,0,0,33,82525.0,0.4269,477900.0,64,32,64,32,33.0,default_intent,0.0,29433.0,440.1,
10,10,33,32,65,303,L10_65,0,harness,Result.Victory,clean_victory,3,0,3,33,0,0,0,0,33,68600.0,0.3549,368600.0,66,31,66,33,33.0,default_intent,0.0,14068.0,386.8,
10,10,35,35,70,301,L10_70,0,harness,Result.Victory,quirk_victory,6,0,6,34,0,1,0,0,35,95550.0,0.4943,452625.0,68,34,68,34,35.0,default_intent,0.0,23801.0,474.7,
10,10,35,35,70,302,L10_70,0,harness,Result.Defeat,clean_defeat,4,0,4,34,0,0,1,0,35,93150.0,0.4819,508925.0,66,33,66,33,34.0,default_intent,0.0,23621.0,482.1,
10,10,35,35,70,303,L10_70,0,harness,Result.Defeat,clean_defeat,10,0,10,24,0,6,5,0,35,66975.0,0.3465,395325.0,50,24,50,24,30.0,default_intent,0.0,22266.0,485.5,
10,10,10,10,20,301,L10_20,0,harness,Result.Victory,clean_victory,3,0,3,10,0,0,0,0,10,62075.0,0.3211,339325.0,19,9,19,8,10.0,default_intent,0.0,11354.0,142.7,
10,10,10,10,20,302,L10_20,0,harness,Result.Victory,clean_victory,0,0,0,10,0,0,0,0,10,60225.0,0.3116,351775.0,18,9,18,9,10.0,default_intent,0.0,11436.0,141.8,
10,10,10,10,20,303,L10_20,0,harness,Result.Victory,clean_victory,2,0,2,10,0,0,0,0,10,55175.0,0.2854,329400.0,18,9,18,9,10.0,default_intent,0.0,10460.0,139.9,
10,10,15,15,30,301,L10_30,0,harness,Result.Victory,clean_victory,4,0,4,15,0,0,0,0,15,62925.0,0.3255,354350.0,30,14,30,14,15.0,default_intent,0.0,13506.0,187.2,
10,10,15,15,30,302,L10_30,0,harness,Result.Victory,clean_victory,3,0,3,15,0,0,0,0,15,64250.0,0.3324,340225.0,30,14,30,14,15.0,default_intent,0.0,11800.0,183.9,
10,10,15,15,30,303,L10_30,0,harness,Result.Victory,clean_victory,5,0,5,15,0,0,0,0,15,57300.0,0.2964,311450.0,30,13,30,12,15.0,default_intent,0.0,10903.0,185.9,
10,10,20,20,40,301,L10_40,0,harness,Result.Victory,quirk_victory,4,0,4,20,0,0,0,0,20,120425.0,0.623,567650.0,38,19,38,19,20.0,default_intent,0.0,23305.0,297.6,
10,10,20,20,40,302,L10_40,0,harness,Result.Victory,clean_victory,6,4,10,20,0,0,0,0,20,65400.0,0.3383,373100.0,40,18,40,19,20.0,default_intent,0.0,15579.0,258.4,
10,10,20,20,40,303,L10_40,0,harness,Result.Victory,clean_victory,2,0,2,20,0,0,0,0,20,61000.0,0.3156,327300.0,40,19,40,19,20.0,default_intent,0.0,11682.0,240.0,
