episode_id,seed,trace_hash,formation_length,length_bucket,formation_width,width_bucket,formation_speed,speed_bucket,class_id,classification_method,valid
B0V2_S2_s9001,9001,911a2abcdb300eca,53985.6,MID,4271.2,HIGH,9.731,HIGH,LENGTH_MID__WIDTH_HIGH__SPEED_HIGH,b0v2-27class-v1,1
B0V2_S2_s9002,9002,75689d450fa1c07d,42792.7,LOW,3019.1,MID,5.375,LOW,LENGTH_LOW__WIDTH_MID__SPEED_LOW,b0v2-27class-v1,1
B0V2_S2_s9003,9003,73363f745b50899c,55782.2,HIGH,3931.0,MID,8.742,HIGH,LENGTH_HIGH__WIDTH_MID__SPEED_HIGH,b0v2-27class-v1,1
B0V2_S2_s9004,9004,6f0314b0deb0c93e,61444.0,HIGH,3296.2,MID,6.588,MID,LENGTH_HIGH__WIDTH_MID__SPEED_MID,b0v2-27class-v1,1
B0V2_S2_s9005,9005,9b2f86da83eed1e8,44048.3,LOW,2257.4,LOW,5.402,LOW,LENGTH_LOW__WIDTH_LOW__SPEED_LOW,b0v2-27class-v1,1
B0V2_S2_s9006,9006,2f3ea7ea3165ab0c,57061.1,HIGH,4312.9,HIGH,7.66,MID,LENGTH_HIGH__WIDTH_HIGH__SPEED_MID,b0v2-27class-v1,1
B0V2_S2_s9007,9007,1358531578c94f64,44968.2,LOW,1274.0,LOW,7.141,MID,LENGTH_LOW__WIDTH_LOW__SPEED_MID,b0v2-27class-v1,1
B0V2_S2_s9008,9008,8c4c5e48c2692e59,56544.5,HIGH,4031.3,MID,9.999,HIGH,LENGTH_HIGH__WIDTH_MID__SPEED_HIGH,b0v2-27class-v1,1
B0V2_S2_s9009,9009,e54290497bd889ac,44015.8,LOW,1869.2,LOW,5.251,LOW,LENGTH_LOW__WIDTH_LOW__SPEED_LOW,b0v2-27class-v1,1
B0V2_S2_s9010,9010,89961d3783c8cef6,57322.7,HIGH,1641.4,LOW,5.707,LOW,LENGTH_HIGH__WIDTH_LOW__SPEED_LOW,b0v2-27class-v1,1
B0V2_S2_s9011,9011,dcdaeafce59cddfe,45900.2,LOW,2795.0,LOW,6.009,LOW,LENGTH_LOW__WIDTH_LOW__SPEED_LOW,b0v2-27class-v1,1
B0V2_S2_s9012,9012,63ca4d0dfb4374e7,50741.8,MID,2993.5,MID,8.155,HIGH,LENGTH_MID__WIDTH_MID__SPEED_HIGH,b0v2-27class-v1,1
B0V2_S2_s9013,9013,2d9d63596ba4e930,47605.4,LOW,3335.0,MID,6.1,LOW,LENGTH_LOW__WIDTH_MID__SPEED_LOW,b0v2-27class-v1,1
B0V2_S2_s9014,9014,7aa89cdb8a0a394c,50205.1,MID,2154.5,LOW,5.493,LOW,LENGTH_MID__WIDTH_LOW__SPEED_LOW,b0v2-27class-v1,1
B0V2_S2_s9015,9015,468a7cfa3e0d8fa6,57535.7,HIGH,2140.0,LOW,5.305,LOW,LENGTH_HIGH__WIDTH_LOW__SPEED_LOW,b0v2-27class-v1,1
B0V2_S2_s9016,9016,4235d1494b99b458,66758.2,HIGH,5805.1,HIGH,9.931,HIGH,LENGTH_HIGH__WIDTH_HIGH__SPEED_HIGH,b0v2-27class-v1,1
B0V2_S2_s9017,9017,9dd4c356c598475f,45638.6,LOW,2336.7,LOW,6.762,MID,LENGTH_LOW__WIDTH_LOW__SPEED_MID,b0v2-27class-v1,1
B0V2_S2_s9018,9018,a4577fb557efc9f9,60152.6,HIGH,5275.1,HIGH,7.771,MID,LENGTH_HIGH__WIDTH_HIGH__SPEED_MID,b0v2-27class-v1,1
B0V2_S2_s9019,9019,fb5b21f2743b001e,47723.1,LOW,5817.0,HIGH,7.675,MID,LENGTH_LOW__WIDTH_HIGH__SPEED_MID,b0v2-27class-v1,1
B0V2_S2_s9020,9020,ba6cb60378e2a4c2,45638.9,LOW,3093.4,MID,9.796,HIGH,LENGTH_LOW__WIDTH_MID__SPEED_HIGH,b0v2-27class-v1,1
B0V2_S2_s9021,9021,710c72d53c44500b,45372.1,LOW,1303.0,LOW,5.278,LOW,LENGTH_LOW__WIDTH_LOW__SPEED_LOW,b0v2-27class-v1,1
B0V2_S2_s9022,9022,9230017d776fb84f,58427.0,HIGH,3065.5,MID,9.696,HIGH,LENGTH_HIGH__WIDTH_MID__SPEED_HIGH,b0v2-27class-v1,1
B0V2_S2_s9023,9023,9906201e28a8d786,67319.3,HIGH,5852.9,HIGH,8.078,MID,LENGTH_HIGH__WIDTH_HIGH__SPEED_MID,b0v2-27class-v1,1
B0V2_S2_s9024,9024,d551cd54321833ad,59452.0,HIGH,2962.2,MID,5.163,LOW,LENGTH_HIGH__WIDTH_MID__SPEED_LOW,b0v2-27class-v1,1
B0V2_S2_s9025,9025,c5ebfdf13526d55c,50683.2,MID,4914.7,HIGH,6.438,MID,LENGTH_MID__WIDTH_HIGH__SPEED_MID,b0v2-27class-v1,1
B0V2_S2_s9026,9026,f5ab8f512a51a1c7,49868.3,MID,2862.7,LOW,7.477,MID,LENGTH_MID__WIDTH_LOW__SPEED_MID,b0v2-27class-v1,1
B0V2_S2_s9027,9027,b7c5d0fb15cf7ab0,43647.9,LOW,7274.8,HIGH,9.652,HIGH,LENGTH_LOW__WIDTH_HIGH__SPEED_HIGH,b0v2-27class-v1,1
B0V2_S2_s9028,9028,3cb74c355dd3ac5f,71447.0,HIGH,3581.2,MID,9.549,HIGH,LENGTH_HIGH__WIDTH_MID__SPEED_HIGH,b0v2-27class-v1,1
B0V2_S2_s9029,9029,31ca19995d3ae453,52438.1,MID,2561.7,LOW,7.009,MID,LENGTH_MID__WIDTH_LOW__SPEED_MID,b0v2-27class-v1,1
B0V2_S2_s9030,9030,91753ca6346516fd,66447.4,HIGH,5673.2,HIGH,6.614,MID,LENGTH_HIGH__WIDTH_HIGH__SPEED_MID,b0v2-27class-v1,1
B0V2_S2_s9031,9031,e879b846bab036d4,47933.0,LOW,4052.4,MID,6.256,LOW,LENGTH_LOW__WIDTH_MID__SPEED_LOW,b0v2-27class-v1,1
B0V2_S2_s9032,9032,644c727e6027784d,47771.5,LOW,3932.9,MID,7.57,MID,LENGTH_LOW__WIDTH_MID__SPEED_MID,b0v2-27class-v1,1
B0V2_S2_s9033,9033,bec0ffb3c019e892,46915.6,LOW,4261.7,HIGH,5.924,LOW,LENGTH_LOW__WIDTH_HIGH__SPEED_LOW,b0v2-27class-v1,1
B0V2_S2_s9034,9034,e1e45b53df1aaef8,70036.9,HIGH,6250.2,HIGH,9.71,HIGH,LENGTH_HIGH__WIDTH_HIGH__SPEED_HIGH,b0v2-27class-v1,1
B0V2_S2_s9035,9035,d5e965b31cc2577b,39781.5,LOW,3521.2,MID,9.772,HIGH,LENGTH_LOW__WIDTH_MID__SPEED_HIGH,b0v2-27class-v1,1
B0V2_S2_s9036,9036,8078a596ac4615f1,51044.8,MID,4137.1,HIGH,5.271,LOW,LENGTH_MID__WIDTH_HIGH__SPEED_LOW,b0v2-27class-v1,1
B0V2_S2_s9037,9037,c04c35bcb66edf73,54969.0,MID,1321.3,LOW,5.254,LOW,LENGTH_MID__WIDTH_LOW__SPEED_LOW,b0v2-27class-v1,1
B0V2_S2_s9038,9038,4d4b406cd502e92e,58868.3,HIGH,3584.2,MID,7.865,MID,LENGTH_HIGH__WIDTH_MID__SPEED_MID,b0v2-27class-v1,1
B0V2_S2_s9039,9039,ceea2ba27bbb7285,50348.7,MID,5530.7,HIGH,7.536,MID,LENGTH_MID__WIDTH_HIGH__SPEED_MID,b0v2-27class-v1,1
B0V2_S2_s9040,9040,2aca1c5321cbb793,51933.4,MID,2223.5,LOW,7.439,MID,LENGTH_MID__WIDTH_LOW__SPEED_MID,b0v2-27class-v1,1
B0V2_S2_s9041,9041,42856b1ba087431f,63269.7,HIGH,2716.2,LOW,9.227,HIGH,LENGTH_HIGH__WIDTH_LOW__SPEED_HIGH,b0v2-27class-v1,1
B0V2_S2_s9042,9042,3d045a80840c703c,56633.0,HIGH,3977.8,MID,8.887,HIGH,LENGTH_HIGH__WIDTH_MID__SPEED_HIGH,b0v2-27class-v1,1
B0V2_S2_s9043,9043,296482732c55196a,44373.3,LOW,3384.5,MID,9.478,HIGH,LENGTH_LOW__WIDTH_MID__SPEED_HIGH,b0v2-27class-v1,1
B0V2_S2_s9044,9044,08bf5b427f9d2626,42018.7,LOW,4458.1,HIGH,7.508,MID,LENGTH_LOW__WIDTH_HIGH__SPEED_MID,b0v2-27class-v1,1
B0V2_S2_s9045,9045,cea454d0b08ecd42,46085.4,LOW,3477.5,MID,6.857,MID,LENGTH_LOW__WIDTH_MID__SPEED_MID,b0v2-27class-v1,1
B0V2_S2_s9046,9046,6118a8266331ffba,51863.6,MID,5316.3,HIGH,7.334,MID,LENGTH_MID__WIDTH_HIGH__SPEED_MID,b0v2-27class-v1,1
B0V2_S2_s9047,9047,322eefcfb81105cc,55072.4,MID,3604.2,MID,9.479,HIGH,LENGTH_MID__WIDTH_MID__SPEED_HIGH,b0v2-27class-v1,1
B0V2_S2_s9048,9048,265740b8464aa472,47299.4,LOW,4144.4,HIGH,8.504,HIGH,LENGTH_LOW__WIDTH_HIGH__SPEED_HIGH,b0v2-27class-v1,1
B0V2_S2_s9049,9049,56dfc1cd275b973a,50928.6,MID,2498.1,LOW,6.221,LOW,LENGTH_MID__WIDTH_LOW__SPEED_LOW,b0v2-27class-v1,1
B0V2_S2_s9050,9050,5e7af91aa2916892,60546.2,HIGH,1955.6,LOW,9.869,HIGH,LENGTH_HIGH__WIDTH_LOW__SPEED_HIGH,b0v2-27class-v1,1
B0V2_S2_s9051,9051,55367ce0f27a695d,52586.3,MID,2533.7,LOW,8.264,HIGH,LENGTH_MID__WIDTH_LOW__SPEED_HIGH,b0v2-27class-v1,1
B0V2_S2_s9052,9052,eb2ff18abcfdb6e0,51662.0,MID,1812.3,LOW,6.556,MID,LENGTH_MID__WIDTH_LOW__SPEED_MID,b0v2-27class-v1,1
B0V2_S2_s9053,9053,29d38482ec0c16fc,53117.4,MID,2558.7,LOW,5.029,LOW,LENGTH_MID__WIDTH_LOW__SPEED_LOW,b0v2-27class-v1,1
B0V2_S2_s9054,9054,5c32aec4d0d4bc01,51216.2,MID,2132.1,LOW,5.324,LOW,LENGTH_MID__WIDTH_LOW__SPEED_LOW,b0v2-27class-v1,1
B0V2_S2_s9055,9055,790fa7fdeffc61b0,53218.1,MID,2244.0,LOW,5.499,LOW,LENGTH_MID__WIDTH_LOW__SPEED_LOW,b0v2-27class-v1,1
B0V2_S2_s9056,9056,d3d541651db70a8d,60490.0,HIGH,14645.3,HIGH,2.349,LOW,LENGTH_HIGH__WIDTH_HIGH__SPEED_LOW,b0v2-27class-v1,1
B0V2_S2_s9057,9057,4e8af039d9169854,55119.9,HIGH,2965.5,MID,9.602,HIGH,LENGTH_HIGH__WIDTH_MID__SPEED_HIGH,b0v2-27class-v1,1
B0V2_S2_s9058,9058,a66afbacd5e01145,49180.9,MID,6408.2,HIGH,9.446,HIGH,LENGTH_MID__WIDTH_HIGH__SPEED_HIGH,b0v2-27class-v1,1
B0V2_S2_s9059,9059,01a1e1121e21ef9d,58849.6,HIGH,5256.0,HIGH,6.152,LOW,LENGTH_HIGH__WIDTH_HIGH__SPEED_LOW,b0v2-27class-v1,1
B0V2_S2_s9060,9060,cab886837e21ef38,45236.1,LOW,4134.5,HIGH,9.915,HIGH,LENGTH_LOW__WIDTH_HIGH__SPEED_HIGH,b0v2-27class-v1,1
B0V2_S2_s9061,9061,2aa244d01ef446c8,53508.8,MID,2667.7,LOW,7.453,MID,LENGTH_MID__WIDTH_LOW__SPEED_MID,b0v2-27class-v1,1
B0V2_S2_s9062,9062,8ba9f00da307dcf7,53011.5,MID,5239.3,HIGH,8.928,HIGH,LENGTH_MID__WIDTH_HIGH__SPEED_HIGH,b0v2-27class-v1,1
B0V2_S2_s9063,9063,de1d1299651e1bc5,56085.3,HIGH,3934.2,MID,9.84,HIGH,LENGTH_HIGH__WIDTH_MID__SPEED_HIGH,b0v2-27class-v1,1
B0V2_S2_s9064,9064,31e28384efacb185,46685.8,LOW,2375.7,LOW,6.067,LOW,LENGTH_LOW__WIDTH_LOW__SPEED_LOW,b0v2-27class-v1,1
B0V2_S2_s9065,9065,8354688bf2b91c59,50334.1,MID,1711.4,LOW,7.948,MID,LENGTH_MID__WIDTH_LOW__SPEED_MID,b0v2-27class-v1,1
B0V2_S2_s9066,9066,4c58c880d2b22a7c,41969.3,LOW,3080.0,MID,7.772,MID,LENGTH_LOW__WIDTH_MID__SPEED_MID,b0v2-27class-v1,1
B0V2_S2_s9067,9067,ee310593cbc48373,43555.2,LOW,3561.8,MID,7.048,MID,LENGTH_LOW__WIDTH_MID__SPEED_MID,b0v2-27class-v1,1
B0V2_S2_s9068,9068,5e062f9d08336714,52112.0,MID,3623.0,MID,5.467,LOW,LENGTH_MID__WIDTH_MID__SPEED_LOW,b0v2-27class-v1,1
B0V2_S2_s9069,9069,70d8d9131293e94f,48118.1,LOW,2024.3,LOW,5.283,LOW,LENGTH_LOW__WIDTH_LOW__SPEED_LOW,b0v2-27class-v1,1
B0V2_S2_s9070,9070,ba02750bdfc36218,56309.1,HIGH,5641.3,HIGH,8.028,MID,LENGTH_HIGH__WIDTH_HIGH__SPEED_MID,b0v2-27class-v1,1
B0V2_S2_s9071,9071,dce67ef81c81bdb9,57034.2,HIGH,3716.0,MID,6.138,LOW,LENGTH_HIGH__WIDTH_MID__SPEED_LOW,b0v2-27class-v1,1
B0V2_S2_s9072,9072,5d3feb023ae31690,45639.9,LOW,6602.8,HIGH,9.207,HIGH,LENGTH_LOW__WIDTH_HIGH__SPEED_HIGH,b0v2-27class-v1,1
B0V2_S2_s9073,9073,5468221184d615a6,55424.0,HIGH,4328.0,HIGH,8.92,HIGH,LENGTH_HIGH__WIDTH_HIGH__SPEED_HIGH,b0v2-27class-v1,1
B0V2_S2_s9074,9074,65f90de1f27782ae,52518.0,MID,2305.0,LOW,6.112,LOW,LENGTH_MID__WIDTH_LOW__SPEED_LOW,b0v2-27class-v1,1
B0V2_S2_s9075,9075,fd52238264a762df,43770.6,LOW,1414.6,LOW,6.081,LOW,LENGTH_LOW__WIDTH_LOW__SPEED_LOW,b0v2-27class-v1,1
B0V2_S2_s9076,9076,9ad7300eadb74f82,44386.8,LOW,3219.5,MID,8.154,HIGH,LENGTH_LOW__WIDTH_MID__SPEED_HIGH,b0v2-27class-v1,1
B0V2_S2_s9077,9077,e26230a8025878d7,66858.3,HIGH,8296.8,HIGH,8.977,HIGH,LENGTH_HIGH__WIDTH_HIGH__SPEED_HIGH,b0v2-27class-v1,1
B0V2_S2_s9078,9078,53b05baff6b2b3d4,68621.3,HIGH,5581.6,HIGH,9.81,HIGH,LENGTH_HIGH__WIDTH_HIGH__SPEED_HIGH,b0v2-27class-v1,1
B0V2_S2_s9079,9079,13982a6d5912002f,43374.2,LOW,3659.4,MID,6.491,MID,LENGTH_LOW__WIDTH_MID__SPEED_MID,b0v2-27class-v1,1
B0V2_S2_s9080,9080,1429e9f0ef8616e2,54353.9,MID,1747.2,LOW,5.35,LOW,LENGTH_MID__WIDTH_LOW__SPEED_LOW,b0v2-27class-v1,1
B0V2_S2_s9081,9081,6d698e391e69f1e5,55402.9,HIGH,5268.1,HIGH,7.299,MID,LENGTH_HIGH__WIDTH_HIGH__SPEED_MID,b0v2-27class-v1,1
B0V2_S2_s9082,9082,8c21e38bf0187f42,44868.8,LOW,3162.2,MID,5.74,LOW,LENGTH_LOW__WIDTH_MID__SPEED_LOW,b0v2-27class-v1,1
B0V2_S2_s9083,9083,b29f4f8be721a219,49770.1,MID,4961.4,HIGH,8.55,HIGH,LENGTH_MID__WIDTH_HIGH__SPEED_HIGH,b0v2-27class-v1,1
B0V2_S2_s9084,9084,6e81922d9762b437,44975.1,LOW,4517.2,HIGH,7.724,MID,LENGTH_LOW__WIDTH_HIGH__SPEED_MID,b0v2-27class-v1,1
B0V2_S2_s9085,9085,22cbe5eb8772b780,54039.3,MID,2887.5,LOW,7.12,MID,LENGTH_MID__WIDTH_LOW__SPEED_MID,b0v2-27class-v1,1
B0V2_S2_s9086,9086,e0602e357b59b571,62915.4,HIGH,3361.1,MID,7.957,MID,LENGTH_HIGH__WIDTH_MID__SPEED_MID,b0v2-27class-v1,1
B0V2_S2_s9087,9087,149c36e26519ab49,50204.4,MID,3059.1,MID,8.169,HIGH,LENGTH_MID__WIDTH_MID__SPEED_HIGH,b0v2-27class-v1,1
B0V2_S2_s9088,9088,61ee18b182cf6887,66498.4,HIGH,4467.9,HIGH,7.048,MID,LENGTH_HIGH__WIDTH_HIGH__SPEED_MID,b0v2-27class-v1,1
B0V2_S2_s9089,9089,529360f27cbca65b,48959.9,MID,3931.0,MID,5.9,LOW,LENGTH_MID__WIDTH_MID__SPEED_LOW,b0v2-27class-v1,1
B0V2_S2_s9090,9090,40d44bd97a86371a,48393.2,MID,2733.1,LOW,5.858,LOW,LENGTH_MID__WIDTH_LOW__SPEED_LOW,b0v2-27class-v1,1
