Metric,ROBUST_WIN pooled,ROBUST_LOSS pooled,Absolute Gap,Relative Gap,Interpretation
peak_visible_tracks,16.4,7.35,9.05,2.2x,"WIN detects/persists ~2.2x more of the 30 enemies"
first_engagement_t,6870,12270,-5400,1.8x earlier,"WIN forms first engagement much earlier"
first_lock_t,6870,6570,300,~same,"locks start at similar sim-time in both"
engage_frac_of_steps,0.198,0.075,0.123,2.6x,"WIN holds active engagements 2.6x more"
lock_frac_of_steps,0.198,0.071,0.127,2.8x,"WIN holds locks 2.8x more (lock tracks engagement)"
mean_max_engaged,5.1,2.8,2.3,1.8x,"WIN keeps more simultaneous engagements"
mean_max_lock,6.6,3.1,3.5,2.1x,"WIN keeps more simultaneous locks"
black_kills_episode,19.5,7.3,12.2,2.7x,"WIN kills ~2.7x more"
white_usv_alive_end,9.2,1.2,8.0,7.7x,"LOSS is WIPED (near-total USV loss) - largest gap"
pooled_CER,2.0 (W2-2) / 1.818 (W2-4),0.10 / 0.173 / 0.688 / 0.756,-,-,"WIN vs LOSS outcome"
