policy_id,seed,group,feature,availability,value
B0_RANDOM,7001,temporal,first_contact_time,available,1851.0
B0_RANDOM,7001,temporal,first_engagement_time,available,7389.0
B0_RANDOM,7001,temporal,first_attack_time,available,8316.0
B0_RANDOM,7001,temporal,resolution_time,available,13018.0
B0_RANDOM,7001,spatial,approach_lane_entropy,proxy,0.6575
B0_RANDOM,7001,spatial,mean_visible_group_count,proxy,5.0
B0_RANDOM,7001,spatial,mean_group_spacing_km,proxy,34215.0
B0_RANDOM,7001,spatial,peak_simultaneous_visible,proxy,20.0
B0_RANDOM,7001,spatial,visible_pairwise_dist_km_median,proxy,27.716096939407038
B0_RANDOM,7001,spatial,visible_y_spread_km_median,proxy,88.96666552081932
B0_RANDOM,7001,spatial,visible_peak_count,proxy,20.0
B0_RANDOM,7001,spatial,visible_window_start_s,proxy,1969.0
B0_RANDOM,7001,coordination,arrival_front_sync_std_s,proxy,0.0
B0_RANDOM,7001,coordination,arrival_front_mean_s,proxy,1969.0
B0_RANDOM,7001,coordination,approach_bearing_entropy,proxy,0.6575
B0_RANDOM,7001,coordination,group_arrival_sync,proxy,0.0
B0_RANDOM,7001,adaptation,adaptive_replan_count,available,0.0
B0_RANDOM,7001,adaptation,lane_shift_count,available,0.0
B0_RANDOM,7001,adaptation,dispersion_event_count,available,0.0
B0_RANDOM,7001,adaptation,detected_white_event_count,available,0.0
B0_RANDOM,7001,adaptation,replan_frequency_per_1000s,available,0.0
B0_RANDOM,7002,temporal,first_contact_time,available,1849.0
B0_RANDOM,7002,temporal,first_engagement_time,available,7371.0
B0_RANDOM,7002,temporal,first_attack_time,available,8617.0
B0_RANDOM,7002,temporal,resolution_time,available,13218.0
B0_RANDOM,7002,spatial,approach_lane_entropy,proxy,0.5573
B0_RANDOM,7002,spatial,mean_visible_group_count,proxy,5.0
B0_RANDOM,7002,spatial,mean_group_spacing_km,proxy,33937.0
B0_RANDOM,7002,spatial,peak_simultaneous_visible,proxy,20.0
B0_RANDOM,7002,spatial,visible_pairwise_dist_km_median,proxy,30.254356325366984
B0_RANDOM,7002,spatial,visible_y_spread_km_median,proxy,79.18959254405047
B0_RANDOM,7002,spatial,visible_peak_count,proxy,20.0
B0_RANDOM,7002,spatial,visible_window_start_s,proxy,1938.0
B0_RANDOM,7002,coordination,arrival_front_sync_std_s,proxy,0.0
B0_RANDOM,7002,coordination,arrival_front_mean_s,proxy,1938.0
B0_RANDOM,7002,coordination,approach_bearing_entropy,proxy,0.5573
B0_RANDOM,7002,coordination,group_arrival_sync,proxy,0.0
B0_RANDOM,7002,adaptation,adaptive_replan_count,available,0.0
B0_RANDOM,7002,adaptation,lane_shift_count,available,0.0
B0_RANDOM,7002,adaptation,dispersion_event_count,available,0.0
B0_RANDOM,7002,adaptation,detected_white_event_count,available,0.0
B0_RANDOM,7002,adaptation,replan_frequency_per_1000s,available,0.0
B0_RANDOM,7003,temporal,first_contact_time,available,1849.0
B0_RANDOM,7003,temporal,first_engagement_time,available,7400.0
B0_RANDOM,7003,temporal,first_attack_time,available,8306.0
B0_RANDOM,7003,temporal,resolution_time,available,26740.0
B0_RANDOM,7003,spatial,approach_lane_entropy,proxy,0.8734
B0_RANDOM,7003,spatial,mean_visible_group_count,proxy,5.0
B0_RANDOM,7003,spatial,mean_group_spacing_km,proxy,39427.0
B0_RANDOM,7003,spatial,peak_simultaneous_visible,proxy,20.0
B0_RANDOM,7003,spatial,visible_pairwise_dist_km_median,proxy,35.028715299187404
B0_RANDOM,7003,spatial,visible_y_spread_km_median,proxy,117.26761753614008
B0_RANDOM,7003,spatial,visible_peak_count,proxy,20.0
B0_RANDOM,7003,spatial,visible_window_start_s,proxy,1847.0
B0_RANDOM,7003,coordination,arrival_front_sync_std_s,proxy,73.5
B0_RANDOM,7003,coordination,arrival_front_mean_s,proxy,1947.1
B0_RANDOM,7003,coordination,approach_bearing_entropy,proxy,0.8734
B0_RANDOM,7003,coordination,group_arrival_sync,proxy,73.5
B0_RANDOM,7003,adaptation,adaptive_replan_count,available,0.0
B0_RANDOM,7003,adaptation,lane_shift_count,available,0.0
B0_RANDOM,7003,adaptation,dispersion_event_count,available,0.0
B0_RANDOM,7003,adaptation,detected_white_event_count,available,0.0
B0_RANDOM,7003,adaptation,replan_frequency_per_1000s,available,0.0
B0_RANDOM,7004,temporal,first_contact_time,available,1870.0
B0_RANDOM,7004,temporal,first_engagement_time,available,7383.0
B0_RANDOM,7004,temporal,first_attack_time,available,8310.0
B0_RANDOM,7004,temporal,resolution_time,available,11098.0
B0_RANDOM,7004,spatial,approach_lane_entropy,proxy,0.2821
B0_RANDOM,7004,spatial,mean_visible_group_count,proxy,4.9
B0_RANDOM,7004,spatial,mean_group_spacing_km,proxy,26550.0
B0_RANDOM,7004,spatial,peak_simultaneous_visible,proxy,20.0
B0_RANDOM,7004,spatial,visible_pairwise_dist_km_median,proxy,23.989600024230256
B0_RANDOM,7004,spatial,visible_y_spread_km_median,proxy,78.69283254718286
B0_RANDOM,7004,spatial,visible_peak_count,proxy,20.0
B0_RANDOM,7004,spatial,visible_window_start_s,proxy,2042.0
B0_RANDOM,7004,coordination,arrival_front_sync_std_s,proxy,0.0
B0_RANDOM,7004,coordination,arrival_front_mean_s,proxy,2042.0
B0_RANDOM,7004,coordination,approach_bearing_entropy,proxy,0.2821
B0_RANDOM,7004,coordination,group_arrival_sync,proxy,0.0
B0_RANDOM,7004,adaptation,adaptive_replan_count,available,0.0
B0_RANDOM,7004,adaptation,lane_shift_count,available,0.0
B0_RANDOM,7004,adaptation,dispersion_event_count,available,0.0
B0_RANDOM,7004,adaptation,detected_white_event_count,available,0.0
B0_RANDOM,7004,adaptation,replan_frequency_per_1000s,available,0.0
B0_RANDOM,7005,temporal,first_contact_time,available,1860.0
B0_RANDOM,7005,temporal,first_engagement_time,available,7381.0
B0_RANDOM,7005,temporal,first_attack_time,available,8302.0
B0_RANDOM,7005,temporal,resolution_time,available,18167.0
B0_RANDOM,7005,spatial,approach_lane_entropy,proxy,0.7989
B0_RANDOM,7005,spatial,mean_visible_group_count,proxy,4.8
B0_RANDOM,7005,spatial,mean_group_spacing_km,proxy,42111.0
B0_RANDOM,7005,spatial,peak_simultaneous_visible,proxy,20.0
B0_RANDOM,7005,spatial,visible_pairwise_dist_km_median,proxy,32.63116255242018
B0_RANDOM,7005,spatial,visible_y_spread_km_median,proxy,95.11142224247772
B0_RANDOM,7005,spatial,visible_peak_count,proxy,20.0
B0_RANDOM,7005,spatial,visible_window_start_s,proxy,1937.0
B0_RANDOM,7005,coordination,arrival_front_sync_std_s,proxy,0.0
B0_RANDOM,7005,coordination,arrival_front_mean_s,proxy,1937.0
B0_RANDOM,7005,coordination,approach_bearing_entropy,proxy,0.7989
B0_RANDOM,7005,coordination,group_arrival_sync,proxy,0.0
B0_RANDOM,7005,adaptation,adaptive_replan_count,available,0.0
B0_RANDOM,7005,adaptation,lane_shift_count,available,0.0
B0_RANDOM,7005,adaptation,dispersion_event_count,available,0.0
B0_RANDOM,7005,adaptation,detected_white_event_count,available,0.0
B0_RANDOM,7005,adaptation,replan_frequency_per_1000s,available,0.0
B0_RANDOM,7006,temporal,first_contact_time,available,1870.0
B0_RANDOM,7006,temporal,first_engagement_time,available,7382.0
B0_RANDOM,7006,temporal,first_attack_time,available,8323.0
B0_RANDOM,7006,temporal,resolution_time,available,13015.0
B0_RANDOM,7006,spatial,approach_lane_entropy,proxy,0.7685
B0_RANDOM,7006,spatial,mean_visible_group_count,proxy,4.9
B0_RANDOM,7006,spatial,mean_group_spacing_km,proxy,35486.0
B0_RANDOM,7006,spatial,peak_simultaneous_visible,proxy,20.0
B0_RANDOM,7006,spatial,visible_pairwise_dist_km_median,proxy,30.72930146257505
B0_RANDOM,7006,spatial,visible_y_spread_km_median,proxy,80.44156222507134
B0_RANDOM,7006,spatial,visible_peak_count,proxy,20.0
B0_RANDOM,7006,spatial,visible_window_start_s,proxy,1960.0
B0_RANDOM,7006,coordination,arrival_front_sync_std_s,proxy,0.0
B0_RANDOM,7006,coordination,arrival_front_mean_s,proxy,1960.0
B0_RANDOM,7006,coordination,approach_bearing_entropy,proxy,0.7685
B0_RANDOM,7006,coordination,group_arrival_sync,proxy,0.0
B0_RANDOM,7006,adaptation,adaptive_replan_count,available,0.0
B0_RANDOM,7006,adaptation,lane_shift_count,available,0.0
B0_RANDOM,7006,adaptation,dispersion_event_count,available,0.0
B0_RANDOM,7006,adaptation,detected_white_event_count,available,0.0
B0_RANDOM,7006,adaptation,replan_frequency_per_1000s,available,0.0
B0_RANDOM,7007,temporal,first_contact_time,available,1841.0
B0_RANDOM,7007,temporal,first_engagement_time,available,7401.0
B0_RANDOM,7007,temporal,first_attack_time,available,8298.0
B0_RANDOM,7007,temporal,resolution_time,available,22995.0
B0_RANDOM,7007,spatial,approach_lane_entropy,proxy,0.8133
B0_RANDOM,7007,spatial,mean_visible_group_count,proxy,4.9
B0_RANDOM,7007,spatial,mean_group_spacing_km,proxy,38395.0
B0_RANDOM,7007,spatial,peak_simultaneous_visible,proxy,20.0
B0_RANDOM,7007,spatial,visible_pairwise_dist_km_median,proxy,33.534916216124415
B0_RANDOM,7007,spatial,visible_y_spread_km_median,proxy,100.9544663743691
B0_RANDOM,7007,spatial,visible_peak_count,proxy,20.0
B0_RANDOM,7007,spatial,visible_window_start_s,proxy,1931.0
B0_RANDOM,7007,coordination,arrival_front_sync_std_s,proxy,0.0
B0_RANDOM,7007,coordination,arrival_front_mean_s,proxy,1931.0
B0_RANDOM,7007,coordination,approach_bearing_entropy,proxy,0.8133
B0_RANDOM,7007,coordination,group_arrival_sync,proxy,0.0
B0_RANDOM,7007,adaptation,adaptive_replan_count,available,0.0
B0_RANDOM,7007,adaptation,lane_shift_count,available,0.0
B0_RANDOM,7007,adaptation,dispersion_event_count,available,0.0
B0_RANDOM,7007,adaptation,detected_white_event_count,available,0.0
B0_RANDOM,7007,adaptation,replan_frequency_per_1000s,available,0.0
B0_RANDOM,7008,temporal,first_contact_time,available,1846.0
B0_RANDOM,7008,temporal,first_engagement_time,available,7417.0
B0_RANDOM,7008,temporal,first_attack_time,available,8341.0
B0_RANDOM,7008,temporal,resolution_time,available,10787.0
B0_RANDOM,7008,spatial,approach_lane_entropy,proxy,0.6922
B0_RANDOM,7008,spatial,mean_visible_group_count,proxy,4.9
B0_RANDOM,7008,spatial,mean_group_spacing_km,proxy,31291.0
B0_RANDOM,7008,spatial,peak_simultaneous_visible,proxy,20.0
B0_RANDOM,7008,spatial,visible_pairwise_dist_km_median,proxy,28.225255631304066
B0_RANDOM,7008,spatial,visible_y_spread_km_median,proxy,73.18342656499951
B0_RANDOM,7008,spatial,visible_peak_count,proxy,20.0
B0_RANDOM,7008,spatial,visible_window_start_s,proxy,1963.0
B0_RANDOM,7008,coordination,arrival_front_sync_std_s,proxy,0.0
B0_RANDOM,7008,coordination,arrival_front_mean_s,proxy,1963.0
B0_RANDOM,7008,coordination,approach_bearing_entropy,proxy,0.6922
B0_RANDOM,7008,coordination,group_arrival_sync,proxy,0.0
B0_RANDOM,7008,adaptation,adaptive_replan_count,available,0.0
B0_RANDOM,7008,adaptation,lane_shift_count,available,0.0
B0_RANDOM,7008,adaptation,dispersion_event_count,available,0.0
B0_RANDOM,7008,adaptation,detected_white_event_count,available,0.0
B0_RANDOM,7008,adaptation,replan_frequency_per_1000s,available,0.0
B0_RANDOM,7009,temporal,first_contact_time,available,1848.0
B0_RANDOM,7009,temporal,first_engagement_time,available,7397.0
B0_RANDOM,7009,temporal,first_attack_time,available,8302.0
B0_RANDOM,7009,temporal,resolution_time,available,16862.0
B0_RANDOM,7009,spatial,approach_lane_entropy,proxy,0.5524
B0_RANDOM,7009,spatial,mean_visible_group_count,proxy,5.0
B0_RANDOM,7009,spatial,mean_group_spacing_km,proxy,31660.0
B0_RANDOM,7009,spatial,peak_simultaneous_visible,proxy,20.0
B0_RANDOM,7009,spatial,visible_pairwise_dist_km_median,proxy,25.673955519330356
B0_RANDOM,7009,spatial,visible_y_spread_km_median,proxy,85.11958972239256
B0_RANDOM,7009,spatial,visible_peak_count,proxy,20.0
B0_RANDOM,7009,spatial,visible_window_start_s,proxy,2009.0
B0_RANDOM,7009,coordination,arrival_front_sync_std_s,proxy,0.0
B0_RANDOM,7009,coordination,arrival_front_mean_s,proxy,2009.0
B0_RANDOM,7009,coordination,approach_bearing_entropy,proxy,0.5524
B0_RANDOM,7009,coordination,group_arrival_sync,proxy,0.0
B0_RANDOM,7009,adaptation,adaptive_replan_count,available,0.0
B0_RANDOM,7009,adaptation,lane_shift_count,available,0.0
B0_RANDOM,7009,adaptation,dispersion_event_count,available,0.0
B0_RANDOM,7009,adaptation,detected_white_event_count,available,0.0
B0_RANDOM,7009,adaptation,replan_frequency_per_1000s,available,0.0
B0_RANDOM,7010,temporal,first_contact_time,available,1863.0
B0_RANDOM,7010,temporal,first_engagement_time,available,7373.0
B0_RANDOM,7010,temporal,first_attack_time,available,8289.0
B0_RANDOM,7010,temporal,resolution_time,available,12086.0
B0_RANDOM,7010,spatial,approach_lane_entropy,proxy,0.3696
B0_RANDOM,7010,spatial,mean_visible_group_count,proxy,5.0
B0_RANDOM,7010,spatial,mean_group_spacing_km,proxy,25132.0
B0_RANDOM,7010,spatial,peak_simultaneous_visible,proxy,20.0
B0_RANDOM,7010,spatial,visible_pairwise_dist_km_median,proxy,21.91748581009931
B0_RANDOM,7010,spatial,visible_y_spread_km_median,proxy,68.18919662938896
B0_RANDOM,7010,spatial,visible_peak_count,proxy,20.0
B0_RANDOM,7010,spatial,visible_window_start_s,proxy,2048.0
B0_RANDOM,7010,coordination,arrival_front_sync_std_s,proxy,0.0
B0_RANDOM,7010,coordination,arrival_front_mean_s,proxy,2048.0
B0_RANDOM,7010,coordination,approach_bearing_entropy,proxy,0.3696
B0_RANDOM,7010,coordination,group_arrival_sync,proxy,0.0
B0_RANDOM,7010,adaptation,adaptive_replan_count,available,0.0
B0_RANDOM,7010,adaptation,lane_shift_count,available,0.0
B0_RANDOM,7010,adaptation,dispersion_event_count,available,0.0
B0_RANDOM,7010,adaptation,detected_white_event_count,available,0.0
B0_RANDOM,7010,adaptation,replan_frequency_per_1000s,available,0.0
B1_MULTI_AXIS,7001,temporal,first_contact_time,available,1843.0
B1_MULTI_AXIS,7001,temporal,first_engagement_time,available,7410.0
B1_MULTI_AXIS,7001,temporal,first_attack_time,available,8317.0
B1_MULTI_AXIS,7001,temporal,resolution_time,available,25375.0
B1_MULTI_AXIS,7001,spatial,approach_lane_entropy,proxy,1.183
B1_MULTI_AXIS,7001,spatial,mean_visible_group_count,proxy,3.9
B1_MULTI_AXIS,7001,spatial,mean_group_spacing_km,proxy,76713.0
B1_MULTI_AXIS,7001,spatial,peak_simultaneous_visible,proxy,18.0
B1_MULTI_AXIS,7001,spatial,visible_pairwise_dist_km_median,proxy,67.11482500847102
B1_MULTI_AXIS,7001,spatial,visible_y_spread_km_median,proxy,173.46012087635052
B1_MULTI_AXIS,7001,spatial,visible_peak_count,proxy,18.0
B1_MULTI_AXIS,7001,spatial,visible_window_start_s,proxy,2015.0
B1_MULTI_AXIS,7001,coordination,arrival_front_sync_std_s,proxy,150.1
B1_MULTI_AXIS,7001,coordination,arrival_front_mean_s,proxy,2065.3
B1_MULTI_AXIS,7001,coordination,approach_bearing_entropy,proxy,1.183
B1_MULTI_AXIS,7001,coordination,group_arrival_sync,proxy,150.1
B1_MULTI_AXIS,7001,adaptation,adaptive_replan_count,available,0.0
B1_MULTI_AXIS,7001,adaptation,lane_shift_count,available,0.0
B1_MULTI_AXIS,7001,adaptation,dispersion_event_count,available,0.0
B1_MULTI_AXIS,7001,adaptation,detected_white_event_count,available,0.0
B1_MULTI_AXIS,7001,adaptation,replan_frequency_per_1000s,available,0.0
B1_MULTI_AXIS,7002,temporal,first_contact_time,available,1861.0
B1_MULTI_AXIS,7002,temporal,first_engagement_time,available,7407.0
B1_MULTI_AXIS,7002,temporal,first_attack_time,available,8320.0
B1_MULTI_AXIS,7002,temporal,resolution_time,available,27505.0
B1_MULTI_AXIS,7002,spatial,approach_lane_entropy,proxy,1.1867
B1_MULTI_AXIS,7002,spatial,mean_visible_group_count,proxy,3.5
B1_MULTI_AXIS,7002,spatial,mean_group_spacing_km,proxy,90222.0
B1_MULTI_AXIS,7002,spatial,peak_simultaneous_visible,proxy,17.0
B1_MULTI_AXIS,7002,spatial,visible_pairwise_dist_km_median,proxy,77.50297817555978
B1_MULTI_AXIS,7002,spatial,visible_y_spread_km_median,proxy,190.41637125562855
B1_MULTI_AXIS,7002,spatial,visible_peak_count,proxy,17.0
B1_MULTI_AXIS,7002,spatial,visible_window_start_s,proxy,1969.0
B1_MULTI_AXIS,7002,coordination,arrival_front_sync_std_s,proxy,3354.2
B1_MULTI_AXIS,7002,coordination,arrival_front_mean_s,proxy,3537.8
B1_MULTI_AXIS,7002,coordination,approach_bearing_entropy,proxy,1.1867
B1_MULTI_AXIS,7002,coordination,group_arrival_sync,proxy,3354.2
B1_MULTI_AXIS,7002,adaptation,adaptive_replan_count,available,0.0
B1_MULTI_AXIS,7002,adaptation,lane_shift_count,available,0.0
B1_MULTI_AXIS,7002,adaptation,dispersion_event_count,available,0.0
B1_MULTI_AXIS,7002,adaptation,detected_white_event_count,available,0.0
B1_MULTI_AXIS,7002,adaptation,replan_frequency_per_1000s,available,0.0
B1_MULTI_AXIS,7003,temporal,first_contact_time,available,1842.0
B1_MULTI_AXIS,7003,temporal,first_engagement_time,available,7400.0
B1_MULTI_AXIS,7003,temporal,first_attack_time,available,8298.0
B1_MULTI_AXIS,7003,temporal,resolution_time,available,26585.0
B1_MULTI_AXIS,7003,spatial,approach_lane_entropy,proxy,1.3759
B1_MULTI_AXIS,7003,spatial,mean_visible_group_count,proxy,4.5
B1_MULTI_AXIS,7003,spatial,mean_group_spacing_km,proxy,90949.0
B1_MULTI_AXIS,7003,spatial,peak_simultaneous_visible,proxy,20.0
B1_MULTI_AXIS,7003,spatial,visible_pairwise_dist_km_median,proxy,74.39477141762262
B1_MULTI_AXIS,7003,spatial,visible_y_spread_km_median,proxy,171.40519701799502
B1_MULTI_AXIS,7003,spatial,visible_peak_count,proxy,20.0
B1_MULTI_AXIS,7003,spatial,visible_window_start_s,proxy,1900.0
B1_MULTI_AXIS,7003,coordination,arrival_front_sync_std_s,proxy,188.7
B1_MULTI_AXIS,7003,coordination,arrival_front_mean_s,proxy,2048.0
B1_MULTI_AXIS,7003,coordination,approach_bearing_entropy,proxy,1.3759
B1_MULTI_AXIS,7003,coordination,group_arrival_sync,proxy,188.7
B1_MULTI_AXIS,7003,adaptation,adaptive_replan_count,available,0.0
B1_MULTI_AXIS,7003,adaptation,lane_shift_count,available,0.0
B1_MULTI_AXIS,7003,adaptation,dispersion_event_count,available,0.0
B1_MULTI_AXIS,7003,adaptation,detected_white_event_count,available,0.0
B1_MULTI_AXIS,7003,adaptation,replan_frequency_per_1000s,available,0.0
B1_MULTI_AXIS,7004,temporal,first_contact_time,available,1869.0
B1_MULTI_AXIS,7004,temporal,first_engagement_time,available,7398.0
B1_MULTI_AXIS,7004,temporal,first_attack_time,available,8315.0
B1_MULTI_AXIS,7004,temporal,resolution_time,available,28877.0
B1_MULTI_AXIS,7004,spatial,approach_lane_entropy,proxy,1.2044
B1_MULTI_AXIS,7004,spatial,mean_visible_group_count,proxy,3.9
B1_MULTI_AXIS,7004,spatial,mean_group_spacing_km,proxy,81074.0
B1_MULTI_AXIS,7004,spatial,peak_simultaneous_visible,proxy,20.0
B1_MULTI_AXIS,7004,spatial,visible_pairwise_dist_km_median,proxy,64.073705277405
B1_MULTI_AXIS,7004,spatial,visible_y_spread_km_median,proxy,157.00338629043625
B1_MULTI_AXIS,7004,spatial,visible_peak_count,proxy,20.0
B1_MULTI_AXIS,7004,spatial,visible_window_start_s,proxy,2064.0
B1_MULTI_AXIS,7004,coordination,arrival_front_sync_std_s,proxy,108.5
B1_MULTI_AXIS,7004,coordination,arrival_front_mean_s,proxy,2148.6
B1_MULTI_AXIS,7004,coordination,approach_bearing_entropy,proxy,1.2044
B1_MULTI_AXIS,7004,coordination,group_arrival_sync,proxy,108.5
B1_MULTI_AXIS,7004,adaptation,adaptive_replan_count,available,0.0
B1_MULTI_AXIS,7004,adaptation,lane_shift_count,available,0.0
B1_MULTI_AXIS,7004,adaptation,dispersion_event_count,available,0.0
B1_MULTI_AXIS,7004,adaptation,detected_white_event_count,available,0.0
B1_MULTI_AXIS,7004,adaptation,replan_frequency_per_1000s,available,0.0
B1_MULTI_AXIS,7005,temporal,first_contact_time,available,1862.0
B1_MULTI_AXIS,7005,temporal,first_engagement_time,available,7420.0
B1_MULTI_AXIS,7005,temporal,first_attack_time,available,8336.0
B1_MULTI_AXIS,7005,temporal,resolution_time,available,28720.0
B1_MULTI_AXIS,7005,spatial,approach_lane_entropy,proxy,1.3282
B1_MULTI_AXIS,7005,spatial,mean_visible_group_count,proxy,4.3
B1_MULTI_AXIS,7005,spatial,mean_group_spacing_km,proxy,93758.0
B1_MULTI_AXIS,7005,spatial,peak_simultaneous_visible,proxy,19.0
B1_MULTI_AXIS,7005,spatial,visible_pairwise_dist_km_median,proxy,79.51041132771869
B1_MULTI_AXIS,7005,spatial,visible_y_spread_km_median,proxy,188.59328084042488
B1_MULTI_AXIS,7005,spatial,visible_peak_count,proxy,19.0
B1_MULTI_AXIS,7005,spatial,visible_window_start_s,proxy,1890.0
B1_MULTI_AXIS,7005,coordination,arrival_front_sync_std_s,proxy,2474.5
B1_MULTI_AXIS,7005,coordination,arrival_front_mean_s,proxy,2571.1
B1_MULTI_AXIS,7005,coordination,approach_bearing_entropy,proxy,1.3282
B1_MULTI_AXIS,7005,coordination,group_arrival_sync,proxy,2474.5
B1_MULTI_AXIS,7005,adaptation,adaptive_replan_count,available,0.0
B1_MULTI_AXIS,7005,adaptation,lane_shift_count,available,0.0
B1_MULTI_AXIS,7005,adaptation,dispersion_event_count,available,0.0
B1_MULTI_AXIS,7005,adaptation,detected_white_event_count,available,0.0
B1_MULTI_AXIS,7005,adaptation,replan_frequency_per_1000s,available,0.0
B1_MULTI_AXIS,7006,temporal,first_contact_time,available,1865.0
B1_MULTI_AXIS,7006,temporal,first_engagement_time,available,7387.0
B1_MULTI_AXIS,7006,temporal,first_attack_time,available,8284.0
B1_MULTI_AXIS,7006,temporal,resolution_time,available,28128.0
B1_MULTI_AXIS,7006,spatial,approach_lane_entropy,proxy,1.2489
B1_MULTI_AXIS,7006,spatial,mean_visible_group_count,proxy,4.1
B1_MULTI_AXIS,7006,spatial,mean_group_spacing_km,proxy,83129.0
B1_MULTI_AXIS,7006,spatial,peak_simultaneous_visible,proxy,18.0
B1_MULTI_AXIS,7006,spatial,visible_pairwise_dist_km_median,proxy,68.30821764808098
B1_MULTI_AXIS,7006,spatial,visible_y_spread_km_median,proxy,174.15582468669763
B1_MULTI_AXIS,7006,spatial,visible_peak_count,proxy,18.0
B1_MULTI_AXIS,7006,spatial,visible_window_start_s,proxy,1949.0
B1_MULTI_AXIS,7006,coordination,arrival_front_sync_std_s,proxy,364.6
B1_MULTI_AXIS,7006,coordination,arrival_front_mean_s,proxy,2068.8
B1_MULTI_AXIS,7006,coordination,approach_bearing_entropy,proxy,1.2489
B1_MULTI_AXIS,7006,coordination,group_arrival_sync,proxy,364.6
B1_MULTI_AXIS,7006,adaptation,adaptive_replan_count,available,0.0
B1_MULTI_AXIS,7006,adaptation,lane_shift_count,available,0.0
B1_MULTI_AXIS,7006,adaptation,dispersion_event_count,available,0.0
B1_MULTI_AXIS,7006,adaptation,detected_white_event_count,available,0.0
B1_MULTI_AXIS,7006,adaptation,replan_frequency_per_1000s,available,0.0
B1_MULTI_AXIS,7007,temporal,first_contact_time,available,1850.0
B1_MULTI_AXIS,7007,temporal,first_engagement_time,available,7406.0
B1_MULTI_AXIS,7007,temporal,first_attack_time,available,8297.0
B1_MULTI_AXIS,7007,temporal,resolution_time,available,33622.0
B1_MULTI_AXIS,7007,spatial,approach_lane_entropy,proxy,1.0308
B1_MULTI_AXIS,7007,spatial,mean_visible_group_count,proxy,3.6
B1_MULTI_AXIS,7007,spatial,mean_group_spacing_km,proxy,80281.0
B1_MULTI_AXIS,7007,spatial,peak_simultaneous_visible,proxy,17.0
B1_MULTI_AXIS,7007,spatial,visible_pairwise_dist_km_median,proxy,79.73489433253118
B1_MULTI_AXIS,7007,spatial,visible_y_spread_km_median,proxy,202.23973812440627
B1_MULTI_AXIS,7007,spatial,visible_peak_count,proxy,19.0
B1_MULTI_AXIS,7007,spatial,visible_window_start_s,proxy,1938.0
B1_MULTI_AXIS,7007,coordination,arrival_front_sync_std_s,proxy,2607.1
B1_MULTI_AXIS,7007,coordination,arrival_front_mean_s,proxy,3697.2
B1_MULTI_AXIS,7007,coordination,approach_bearing_entropy,proxy,1.0308
B1_MULTI_AXIS,7007,coordination,group_arrival_sync,proxy,2607.1
B1_MULTI_AXIS,7007,adaptation,adaptive_replan_count,available,0.0
B1_MULTI_AXIS,7007,adaptation,lane_shift_count,available,0.0
B1_MULTI_AXIS,7007,adaptation,dispersion_event_count,available,0.0
B1_MULTI_AXIS,7007,adaptation,detected_white_event_count,available,0.0
B1_MULTI_AXIS,7007,adaptation,replan_frequency_per_1000s,available,0.0
B1_MULTI_AXIS,7008,temporal,first_contact_time,available,1855.0
B1_MULTI_AXIS,7008,temporal,first_engagement_time,available,7398.0
B1_MULTI_AXIS,7008,temporal,first_attack_time,available,8304.0
B1_MULTI_AXIS,7008,temporal,resolution_time,available,26553.0
B1_MULTI_AXIS,7008,spatial,approach_lane_entropy,proxy,0.9462
B1_MULTI_AXIS,7008,spatial,mean_visible_group_count,proxy,3.3
B1_MULTI_AXIS,7008,spatial,mean_group_spacing_km,proxy,74849.0
B1_MULTI_AXIS,7008,spatial,peak_simultaneous_visible,proxy,15.0
B1_MULTI_AXIS,7008,spatial,visible_pairwise_dist_km_median,proxy,66.75301331187805
B1_MULTI_AXIS,7008,spatial,visible_y_spread_km_median,proxy,161.3151416386642
B1_MULTI_AXIS,7008,spatial,visible_peak_count,proxy,15.0
B1_MULTI_AXIS,7008,spatial,visible_window_start_s,proxy,1879.0
B1_MULTI_AXIS,7008,coordination,arrival_front_sync_std_s,proxy,4891.3
B1_MULTI_AXIS,7008,coordination,arrival_front_mean_s,proxy,3290.3
B1_MULTI_AXIS,7008,coordination,approach_bearing_entropy,proxy,0.9462
B1_MULTI_AXIS,7008,coordination,group_arrival_sync,proxy,4891.3
B1_MULTI_AXIS,7008,adaptation,adaptive_replan_count,available,0.0
B1_MULTI_AXIS,7008,adaptation,lane_shift_count,available,0.0
B1_MULTI_AXIS,7008,adaptation,dispersion_event_count,available,0.0
B1_MULTI_AXIS,7008,adaptation,detected_white_event_count,available,0.0
B1_MULTI_AXIS,7008,adaptation,replan_frequency_per_1000s,available,0.0
B1_MULTI_AXIS,7009,temporal,first_contact_time,available,1860.0
B1_MULTI_AXIS,7009,temporal,first_engagement_time,available,7395.0
B1_MULTI_AXIS,7009,temporal,first_attack_time,available,8326.0
B1_MULTI_AXIS,7009,temporal,resolution_time,available,42275.0
B1_MULTI_AXIS,7009,spatial,approach_lane_entropy,proxy,1.0856
B1_MULTI_AXIS,7009,spatial,mean_visible_group_count,proxy,3.6
B1_MULTI_AXIS,7009,spatial,mean_group_spacing_km,proxy,89946.0
B1_MULTI_AXIS,7009,spatial,peak_simultaneous_visible,proxy,15.0
B1_MULTI_AXIS,7009,spatial,visible_pairwise_dist_km_median,proxy,85.61161730799269
B1_MULTI_AXIS,7009,spatial,visible_y_spread_km_median,proxy,226.1832464621489
B1_MULTI_AXIS,7009,spatial,visible_peak_count,proxy,20.0
B1_MULTI_AXIS,7009,spatial,visible_window_start_s,proxy,1882.0
B1_MULTI_AXIS,7009,coordination,arrival_front_sync_std_s,proxy,410.8
B1_MULTI_AXIS,7009,coordination,arrival_front_mean_s,proxy,2210.2
B1_MULTI_AXIS,7009,coordination,approach_bearing_entropy,proxy,1.0856
B1_MULTI_AXIS,7009,coordination,group_arrival_sync,proxy,410.8
B1_MULTI_AXIS,7009,adaptation,adaptive_replan_count,available,0.0
B1_MULTI_AXIS,7009,adaptation,lane_shift_count,available,0.0
B1_MULTI_AXIS,7009,adaptation,dispersion_event_count,available,0.0
B1_MULTI_AXIS,7009,adaptation,detected_white_event_count,available,0.0
B1_MULTI_AXIS,7009,adaptation,replan_frequency_per_1000s,available,0.0
B1_MULTI_AXIS,7010,temporal,first_contact_time,available,1861.0
B1_MULTI_AXIS,7010,temporal,first_engagement_time,available,7381.0
B1_MULTI_AXIS,7010,temporal,first_attack_time,available,8305.0
B1_MULTI_AXIS,7010,temporal,resolution_time,available,26856.0
B1_MULTI_AXIS,7010,spatial,approach_lane_entropy,proxy,1.1914
B1_MULTI_AXIS,7010,spatial,mean_visible_group_count,proxy,3.9
B1_MULTI_AXIS,7010,spatial,mean_group_spacing_km,proxy,85235.0
B1_MULTI_AXIS,7010,spatial,peak_simultaneous_visible,proxy,18.0
B1_MULTI_AXIS,7010,spatial,visible_pairwise_dist_km_median,proxy,72.29244433646623
B1_MULTI_AXIS,7010,spatial,visible_y_spread_km_median,proxy,168.89624463094242
B1_MULTI_AXIS,7010,spatial,visible_peak_count,proxy,20.0
B1_MULTI_AXIS,7010,spatial,visible_window_start_s,proxy,2016.0
B1_MULTI_AXIS,7010,coordination,arrival_front_sync_std_s,proxy,1021.7
B1_MULTI_AXIS,7010,coordination,arrival_front_mean_s,proxy,2654.6
B1_MULTI_AXIS,7010,coordination,approach_bearing_entropy,proxy,1.1914
B1_MULTI_AXIS,7010,coordination,group_arrival_sync,proxy,1021.7
B1_MULTI_AXIS,7010,adaptation,adaptive_replan_count,available,0.0
B1_MULTI_AXIS,7010,adaptation,lane_shift_count,available,0.0
B1_MULTI_AXIS,7010,adaptation,dispersion_event_count,available,0.0
B1_MULTI_AXIS,7010,adaptation,detected_white_event_count,available,0.0
B1_MULTI_AXIS,7010,adaptation,replan_frequency_per_1000s,available,0.0
B2_COORDINATED_PRESSURE,7001,temporal,first_contact_time,available,1847.0
B2_COORDINATED_PRESSURE,7001,temporal,first_engagement_time,available,7392.0
B2_COORDINATED_PRESSURE,7001,temporal,first_attack_time,available,8293.0
B2_COORDINATED_PRESSURE,7001,temporal,resolution_time,available,26679.0
B2_COORDINATED_PRESSURE,7001,spatial,approach_lane_entropy,proxy,1.3875
B2_COORDINATED_PRESSURE,7001,spatial,mean_visible_group_count,proxy,4.7
B2_COORDINATED_PRESSURE,7001,spatial,mean_group_spacing_km,proxy,88742.0
B2_COORDINATED_PRESSURE,7001,spatial,peak_simultaneous_visible,proxy,20.0
B2_COORDINATED_PRESSURE,7001,spatial,visible_pairwise_dist_km_median,proxy,79.19995615855765
B2_COORDINATED_PRESSURE,7001,spatial,visible_y_spread_km_median,proxy,192.15355150334307
B2_COORDINATED_PRESSURE,7001,spatial,visible_peak_count,proxy,20.0
B2_COORDINATED_PRESSURE,7001,spatial,visible_window_start_s,proxy,1962.0
B2_COORDINATED_PRESSURE,7001,coordination,arrival_front_sync_std_s,proxy,452.1
B2_COORDINATED_PRESSURE,7001,coordination,arrival_front_mean_s,proxy,2075.9
B2_COORDINATED_PRESSURE,7001,coordination,approach_bearing_entropy,proxy,1.3875
B2_COORDINATED_PRESSURE,7001,coordination,group_arrival_sync,proxy,452.1
B2_COORDINATED_PRESSURE,7001,adaptation,adaptive_replan_count,available,0.0
B2_COORDINATED_PRESSURE,7001,adaptation,lane_shift_count,available,0.0
B2_COORDINATED_PRESSURE,7001,adaptation,dispersion_event_count,available,0.0
B2_COORDINATED_PRESSURE,7001,adaptation,detected_white_event_count,available,0.0
B2_COORDINATED_PRESSURE,7001,adaptation,replan_frequency_per_1000s,available,0.0
B2_COORDINATED_PRESSURE,7002,temporal,first_contact_time,available,1859.0
B2_COORDINATED_PRESSURE,7002,temporal,first_engagement_time,available,7458.0
B2_COORDINATED_PRESSURE,7002,temporal,first_attack_time,available,8355.0
B2_COORDINATED_PRESSURE,7002,temporal,resolution_time,available,24450.0
B2_COORDINATED_PRESSURE,7002,spatial,approach_lane_entropy,proxy,1.1597
B2_COORDINATED_PRESSURE,7002,spatial,mean_visible_group_count,proxy,4.0
B2_COORDINATED_PRESSURE,7002,spatial,mean_group_spacing_km,proxy,85200.0
B2_COORDINATED_PRESSURE,7002,spatial,peak_simultaneous_visible,proxy,19.0
B2_COORDINATED_PRESSURE,7002,spatial,visible_pairwise_dist_km_median,proxy,73.05060810261273
B2_COORDINATED_PRESSURE,7002,spatial,visible_y_spread_km_median,proxy,161.10113371079657
B2_COORDINATED_PRESSURE,7002,spatial,visible_peak_count,proxy,19.0
B2_COORDINATED_PRESSURE,7002,spatial,visible_window_start_s,proxy,1937.0
B2_COORDINATED_PRESSURE,7002,coordination,arrival_front_sync_std_s,proxy,117.3
B2_COORDINATED_PRESSURE,7002,coordination,arrival_front_mean_s,proxy,2017.5
B2_COORDINATED_PRESSURE,7002,coordination,approach_bearing_entropy,proxy,1.1597
B2_COORDINATED_PRESSURE,7002,coordination,group_arrival_sync,proxy,117.3
B2_COORDINATED_PRESSURE,7002,adaptation,adaptive_replan_count,available,0.0
B2_COORDINATED_PRESSURE,7002,adaptation,lane_shift_count,available,0.0
B2_COORDINATED_PRESSURE,7002,adaptation,dispersion_event_count,available,0.0
B2_COORDINATED_PRESSURE,7002,adaptation,detected_white_event_count,available,0.0
B2_COORDINATED_PRESSURE,7002,adaptation,replan_frequency_per_1000s,available,0.0
B2_COORDINATED_PRESSURE,7003,temporal,first_contact_time,available,1875.0
B2_COORDINATED_PRESSURE,7003,temporal,first_engagement_time,available,7418.0
B2_COORDINATED_PRESSURE,7003,temporal,first_attack_time,available,8371.0
B2_COORDINATED_PRESSURE,7003,temporal,resolution_time,available,25640.0
B2_COORDINATED_PRESSURE,7003,spatial,approach_lane_entropy,proxy,1.2695
B2_COORDINATED_PRESSURE,7003,spatial,mean_visible_group_count,proxy,3.9
B2_COORDINATED_PRESSURE,7003,spatial,mean_group_spacing_km,proxy,97288.0
B2_COORDINATED_PRESSURE,7003,spatial,peak_simultaneous_visible,proxy,19.0
B2_COORDINATED_PRESSURE,7003,spatial,visible_pairwise_dist_km_median,proxy,86.54834450094823
B2_COORDINATED_PRESSURE,7003,spatial,visible_y_spread_km_median,proxy,198.1771309839265
B2_COORDINATED_PRESSURE,7003,spatial,visible_peak_count,proxy,18.0
B2_COORDINATED_PRESSURE,7003,spatial,visible_window_start_s,proxy,2020.0
B2_COORDINATED_PRESSURE,7003,coordination,arrival_front_sync_std_s,proxy,827.0
B2_COORDINATED_PRESSURE,7003,coordination,arrival_front_mean_s,proxy,2295.4
B2_COORDINATED_PRESSURE,7003,coordination,approach_bearing_entropy,proxy,1.2695
B2_COORDINATED_PRESSURE,7003,coordination,group_arrival_sync,proxy,827.0
B2_COORDINATED_PRESSURE,7003,adaptation,adaptive_replan_count,available,0.0
B2_COORDINATED_PRESSURE,7003,adaptation,lane_shift_count,available,0.0
B2_COORDINATED_PRESSURE,7003,adaptation,dispersion_event_count,available,0.0
B2_COORDINATED_PRESSURE,7003,adaptation,detected_white_event_count,available,0.0
B2_COORDINATED_PRESSURE,7003,adaptation,replan_frequency_per_1000s,available,0.0
B2_COORDINATED_PRESSURE,7004,temporal,first_contact_time,available,1866.0
B2_COORDINATED_PRESSURE,7004,temporal,first_engagement_time,available,7371.0
B2_COORDINATED_PRESSURE,7004,temporal,first_attack_time,available,8278.0
B2_COORDINATED_PRESSURE,7004,temporal,resolution_time,available,29806.0
B2_COORDINATED_PRESSURE,7004,spatial,approach_lane_entropy,proxy,1.0332
B2_COORDINATED_PRESSURE,7004,spatial,mean_visible_group_count,proxy,3.3
B2_COORDINATED_PRESSURE,7004,spatial,mean_group_spacing_km,proxy,89465.0
B2_COORDINATED_PRESSURE,7004,spatial,peak_simultaneous_visible,proxy,18.0
B2_COORDINATED_PRESSURE,7004,spatial,visible_pairwise_dist_km_median,proxy,69.9553121424974
B2_COORDINATED_PRESSURE,7004,spatial,visible_y_spread_km_median,proxy,163.8116936073259
B2_COORDINATED_PRESSURE,7004,spatial,visible_peak_count,proxy,18.0
B2_COORDINATED_PRESSURE,7004,spatial,visible_window_start_s,proxy,2039.0
B2_COORDINATED_PRESSURE,7004,coordination,arrival_front_sync_std_s,proxy,192.8
B2_COORDINATED_PRESSURE,7004,coordination,arrival_front_mean_s,proxy,2133.3
B2_COORDINATED_PRESSURE,7004,coordination,approach_bearing_entropy,proxy,1.0332
B2_COORDINATED_PRESSURE,7004,coordination,group_arrival_sync,proxy,192.8
B2_COORDINATED_PRESSURE,7004,adaptation,adaptive_replan_count,available,0.0
B2_COORDINATED_PRESSURE,7004,adaptation,lane_shift_count,available,0.0
B2_COORDINATED_PRESSURE,7004,adaptation,dispersion_event_count,available,0.0
B2_COORDINATED_PRESSURE,7004,adaptation,detected_white_event_count,available,0.0
B2_COORDINATED_PRESSURE,7004,adaptation,replan_frequency_per_1000s,available,0.0
B2_COORDINATED_PRESSURE,7005,temporal,first_contact_time,available,1865.0
B2_COORDINATED_PRESSURE,7005,temporal,first_engagement_time,available,7392.0
B2_COORDINATED_PRESSURE,7005,temporal,first_attack_time,available,8302.0
B2_COORDINATED_PRESSURE,7005,temporal,resolution_time,available,23724.0
B2_COORDINATED_PRESSURE,7005,spatial,approach_lane_entropy,proxy,1.1131
B2_COORDINATED_PRESSURE,7005,spatial,mean_visible_group_count,proxy,3.6
B2_COORDINATED_PRESSURE,7005,spatial,mean_group_spacing_km,proxy,92774.0
B2_COORDINATED_PRESSURE,7005,spatial,peak_simultaneous_visible,proxy,16.0
B2_COORDINATED_PRESSURE,7005,spatial,visible_pairwise_dist_km_median,proxy,68.19649809670645
B2_COORDINATED_PRESSURE,7005,spatial,visible_y_spread_km_median,proxy,169.62805053691045
B2_COORDINATED_PRESSURE,7005,spatial,visible_peak_count,proxy,15.0
B2_COORDINATED_PRESSURE,7005,spatial,visible_window_start_s,proxy,2009.0
B2_COORDINATED_PRESSURE,7005,coordination,arrival_front_sync_std_s,proxy,3586.4
B2_COORDINATED_PRESSURE,7005,coordination,arrival_front_mean_s,proxy,3949.2
B2_COORDINATED_PRESSURE,7005,coordination,approach_bearing_entropy,proxy,1.1131
B2_COORDINATED_PRESSURE,7005,coordination,group_arrival_sync,proxy,3586.4
B2_COORDINATED_PRESSURE,7005,adaptation,adaptive_replan_count,available,0.0
B2_COORDINATED_PRESSURE,7005,adaptation,lane_shift_count,available,0.0
B2_COORDINATED_PRESSURE,7005,adaptation,dispersion_event_count,available,0.0
B2_COORDINATED_PRESSURE,7005,adaptation,detected_white_event_count,available,0.0
B2_COORDINATED_PRESSURE,7005,adaptation,replan_frequency_per_1000s,available,0.0
B2_COORDINATED_PRESSURE,7006,temporal,first_contact_time,available,1842.0
B2_COORDINATED_PRESSURE,7006,temporal,first_engagement_time,available,7396.0
B2_COORDINATED_PRESSURE,7006,temporal,first_attack_time,available,8327.0
B2_COORDINATED_PRESSURE,7006,temporal,resolution_time,available,29000.0
B2_COORDINATED_PRESSURE,7006,spatial,approach_lane_entropy,proxy,1.2895
B2_COORDINATED_PRESSURE,7006,spatial,mean_visible_group_count,proxy,3.9
B2_COORDINATED_PRESSURE,7006,spatial,mean_group_spacing_km,proxy,94045.0
B2_COORDINATED_PRESSURE,7006,spatial,peak_simultaneous_visible,proxy,20.0
B2_COORDINATED_PRESSURE,7006,spatial,visible_pairwise_dist_km_median,proxy,85.16012351952926
B2_COORDINATED_PRESSURE,7006,spatial,visible_y_spread_km_median,proxy,211.32459100947344
B2_COORDINATED_PRESSURE,7006,spatial,visible_peak_count,proxy,20.0
B2_COORDINATED_PRESSURE,7006,spatial,visible_window_start_s,proxy,1894.0
B2_COORDINATED_PRESSURE,7006,coordination,arrival_front_sync_std_s,proxy,137.1
B2_COORDINATED_PRESSURE,7006,coordination,arrival_front_mean_s,proxy,2040.4
B2_COORDINATED_PRESSURE,7006,coordination,approach_bearing_entropy,proxy,1.2895
B2_COORDINATED_PRESSURE,7006,coordination,group_arrival_sync,proxy,137.1
B2_COORDINATED_PRESSURE,7006,adaptation,adaptive_replan_count,available,0.0
B2_COORDINATED_PRESSURE,7006,adaptation,lane_shift_count,available,0.0
B2_COORDINATED_PRESSURE,7006,adaptation,dispersion_event_count,available,0.0
B2_COORDINATED_PRESSURE,7006,adaptation,detected_white_event_count,available,0.0
B2_COORDINATED_PRESSURE,7006,adaptation,replan_frequency_per_1000s,available,0.0
B2_COORDINATED_PRESSURE,7007,temporal,first_contact_time,available,1861.0
B2_COORDINATED_PRESSURE,7007,temporal,first_engagement_time,available,7381.0
B2_COORDINATED_PRESSURE,7007,temporal,first_attack_time,available,8298.0
B2_COORDINATED_PRESSURE,7007,temporal,resolution_time,available,23121.0
B2_COORDINATED_PRESSURE,7007,spatial,approach_lane_entropy,proxy,1.113
B2_COORDINATED_PRESSURE,7007,spatial,mean_visible_group_count,proxy,3.7
B2_COORDINATED_PRESSURE,7007,spatial,mean_group_spacing_km,proxy,87579.0
B2_COORDINATED_PRESSURE,7007,spatial,peak_simultaneous_visible,proxy,18.0
B2_COORDINATED_PRESSURE,7007,spatial,visible_pairwise_dist_km_median,proxy,73.49648446422884
B2_COORDINATED_PRESSURE,7007,spatial,visible_y_spread_km_median,proxy,168.20411233556823
B2_COORDINATED_PRESSURE,7007,spatial,visible_peak_count,proxy,18.0
B2_COORDINATED_PRESSURE,7007,spatial,visible_window_start_s,proxy,1965.0
B2_COORDINATED_PRESSURE,7007,coordination,arrival_front_sync_std_s,proxy,487.8
B2_COORDINATED_PRESSURE,7007,coordination,arrival_front_mean_s,proxy,2328.1
B2_COORDINATED_PRESSURE,7007,coordination,approach_bearing_entropy,proxy,1.113
B2_COORDINATED_PRESSURE,7007,coordination,group_arrival_sync,proxy,487.8
B2_COORDINATED_PRESSURE,7007,adaptation,adaptive_replan_count,available,0.0
B2_COORDINATED_PRESSURE,7007,adaptation,lane_shift_count,available,0.0
B2_COORDINATED_PRESSURE,7007,adaptation,dispersion_event_count,available,0.0
B2_COORDINATED_PRESSURE,7007,adaptation,detected_white_event_count,available,0.0
B2_COORDINATED_PRESSURE,7007,adaptation,replan_frequency_per_1000s,available,0.0
B2_COORDINATED_PRESSURE,7008,temporal,first_contact_time,available,1843.0
B2_COORDINATED_PRESSURE,7008,temporal,first_engagement_time,available,7375.0
B2_COORDINATED_PRESSURE,7008,temporal,first_attack_time,available,8301.0
B2_COORDINATED_PRESSURE,7008,temporal,resolution_time,available,24805.0
B2_COORDINATED_PRESSURE,7008,spatial,approach_lane_entropy,proxy,1.06
B2_COORDINATED_PRESSURE,7008,spatial,mean_visible_group_count,proxy,3.6
B2_COORDINATED_PRESSURE,7008,spatial,mean_group_spacing_km,proxy,90662.0
B2_COORDINATED_PRESSURE,7008,spatial,peak_simultaneous_visible,proxy,15.0
B2_COORDINATED_PRESSURE,7008,spatial,visible_pairwise_dist_km_median,proxy,68.18566473035223
B2_COORDINATED_PRESSURE,7008,spatial,visible_y_spread_km_median,proxy,143.38089012503087
B2_COORDINATED_PRESSURE,7008,spatial,visible_peak_count,proxy,17.0
B2_COORDINATED_PRESSURE,7008,spatial,visible_window_start_s,proxy,2010.0
B2_COORDINATED_PRESSURE,7008,coordination,arrival_front_sync_std_s,proxy,3582.1
B2_COORDINATED_PRESSURE,7008,coordination,arrival_front_mean_s,proxy,3371.8
B2_COORDINATED_PRESSURE,7008,coordination,approach_bearing_entropy,proxy,1.06
B2_COORDINATED_PRESSURE,7008,coordination,group_arrival_sync,proxy,3582.1
B2_COORDINATED_PRESSURE,7008,adaptation,adaptive_replan_count,available,0.0
B2_COORDINATED_PRESSURE,7008,adaptation,lane_shift_count,available,0.0
B2_COORDINATED_PRESSURE,7008,adaptation,dispersion_event_count,available,0.0
B2_COORDINATED_PRESSURE,7008,adaptation,detected_white_event_count,available,0.0
B2_COORDINATED_PRESSURE,7008,adaptation,replan_frequency_per_1000s,available,0.0
B2_COORDINATED_PRESSURE,7009,temporal,first_contact_time,available,1856.0
B2_COORDINATED_PRESSURE,7009,temporal,first_engagement_time,available,7389.0
B2_COORDINATED_PRESSURE,7009,temporal,first_attack_time,available,8311.0
B2_COORDINATED_PRESSURE,7009,temporal,resolution_time,available,28234.0
B2_COORDINATED_PRESSURE,7009,spatial,approach_lane_entropy,proxy,1.4658
B2_COORDINATED_PRESSURE,7009,spatial,mean_visible_group_count,proxy,4.3
B2_COORDINATED_PRESSURE,7009,spatial,mean_group_spacing_km,proxy,108444.0
B2_COORDINATED_PRESSURE,7009,spatial,peak_simultaneous_visible,proxy,20.0
B2_COORDINATED_PRESSURE,7009,spatial,visible_pairwise_dist_km_median,proxy,92.1982389302587
B2_COORDINATED_PRESSURE,7009,spatial,visible_y_spread_km_median,proxy,214.06027053964127
B2_COORDINATED_PRESSURE,7009,spatial,visible_peak_count,proxy,19.0
B2_COORDINATED_PRESSURE,7009,spatial,visible_window_start_s,proxy,2022.0
B2_COORDINATED_PRESSURE,7009,coordination,arrival_front_sync_std_s,proxy,671.3
B2_COORDINATED_PRESSURE,7009,coordination,arrival_front_mean_s,proxy,2176.0
B2_COORDINATED_PRESSURE,7009,coordination,approach_bearing_entropy,proxy,1.4658
B2_COORDINATED_PRESSURE,7009,coordination,group_arrival_sync,proxy,671.3
B2_COORDINATED_PRESSURE,7009,adaptation,adaptive_replan_count,available,0.0
B2_COORDINATED_PRESSURE,7009,adaptation,lane_shift_count,available,0.0
B2_COORDINATED_PRESSURE,7009,adaptation,dispersion_event_count,available,0.0
B2_COORDINATED_PRESSURE,7009,adaptation,detected_white_event_count,available,0.0
B2_COORDINATED_PRESSURE,7009,adaptation,replan_frequency_per_1000s,available,0.0
B2_COORDINATED_PRESSURE,7010,temporal,first_contact_time,available,1859.0
B2_COORDINATED_PRESSURE,7010,temporal,first_engagement_time,available,7372.0
B2_COORDINATED_PRESSURE,7010,temporal,first_attack_time,available,8290.0
B2_COORDINATED_PRESSURE,7010,temporal,resolution_time,available,25991.0
B2_COORDINATED_PRESSURE,7010,spatial,approach_lane_entropy,proxy,1.4057
B2_COORDINATED_PRESSURE,7010,spatial,mean_visible_group_count,proxy,4.7
B2_COORDINATED_PRESSURE,7010,spatial,mean_group_spacing_km,proxy,85012.0
B2_COORDINATED_PRESSURE,7010,spatial,peak_simultaneous_visible,proxy,20.0
B2_COORDINATED_PRESSURE,7010,spatial,visible_pairwise_dist_km_median,proxy,65.23305878709675
B2_COORDINATED_PRESSURE,7010,spatial,visible_y_spread_km_median,proxy,158.57750769836986
B2_COORDINATED_PRESSURE,7010,spatial,visible_peak_count,proxy,20.0
B2_COORDINATED_PRESSURE,7010,spatial,visible_window_start_s,proxy,1945.0
B2_COORDINATED_PRESSURE,7010,coordination,arrival_front_sync_std_s,proxy,148.1
B2_COORDINATED_PRESSURE,7010,coordination,arrival_front_mean_s,proxy,2016.3
B2_COORDINATED_PRESSURE,7010,coordination,approach_bearing_entropy,proxy,1.4057
B2_COORDINATED_PRESSURE,7010,coordination,group_arrival_sync,proxy,148.1
B2_COORDINATED_PRESSURE,7010,adaptation,adaptive_replan_count,available,0.0
B2_COORDINATED_PRESSURE,7010,adaptation,lane_shift_count,available,0.0
B2_COORDINATED_PRESSURE,7010,adaptation,dispersion_event_count,available,0.0
B2_COORDINATED_PRESSURE,7010,adaptation,detected_white_event_count,available,0.0
B2_COORDINATED_PRESSURE,7010,adaptation,replan_frequency_per_1000s,available,0.0
B3_ADAPTIVE,7001,temporal,first_contact_time,available,1871.0
B3_ADAPTIVE,7001,temporal,first_engagement_time,available,7399.0
B3_ADAPTIVE,7001,temporal,first_attack_time,available,8297.0
B3_ADAPTIVE,7001,temporal,resolution_time,available,26142.0
B3_ADAPTIVE,7001,spatial,approach_lane_entropy,proxy,1.1411
B3_ADAPTIVE,7001,spatial,mean_visible_group_count,proxy,4.8
B3_ADAPTIVE,7001,spatial,mean_group_spacing_km,proxy,57633.0
B3_ADAPTIVE,7001,spatial,peak_simultaneous_visible,proxy,20.0
B3_ADAPTIVE,7001,spatial,visible_pairwise_dist_km_median,proxy,50.2250808468051
B3_ADAPTIVE,7001,spatial,visible_y_spread_km_median,proxy,145.2816046339799
B3_ADAPTIVE,7001,spatial,visible_peak_count,proxy,20.0
B3_ADAPTIVE,7001,spatial,visible_window_start_s,proxy,1895.0
B3_ADAPTIVE,7001,coordination,arrival_front_sync_std_s,proxy,81.8
B3_ADAPTIVE,7001,coordination,arrival_front_mean_s,proxy,1942.2
B3_ADAPTIVE,7001,coordination,approach_bearing_entropy,proxy,1.1411
B3_ADAPTIVE,7001,coordination,group_arrival_sync,proxy,81.8
B3_ADAPTIVE,7001,adaptation,adaptive_replan_count,available,634.0
B3_ADAPTIVE,7001,adaptation,lane_shift_count,available,262.0
B3_ADAPTIVE,7001,adaptation,dispersion_event_count,available,188.0
B3_ADAPTIVE,7001,adaptation,detected_white_event_count,available,1297.0
B3_ADAPTIVE,7001,adaptation,replan_frequency_per_1000s,available,24.252
B3_ADAPTIVE,7002,temporal,first_contact_time,available,1862.0
B3_ADAPTIVE,7002,temporal,first_engagement_time,available,7388.0
B3_ADAPTIVE,7002,temporal,first_attack_time,available,8305.0
B3_ADAPTIVE,7002,temporal,resolution_time,available,16856.0
B3_ADAPTIVE,7002,spatial,approach_lane_entropy,proxy,0.9273
B3_ADAPTIVE,7002,spatial,mean_visible_group_count,proxy,4.8
B3_ADAPTIVE,7002,spatial,mean_group_spacing_km,proxy,49613.0
B3_ADAPTIVE,7002,spatial,peak_simultaneous_visible,proxy,20.0
B3_ADAPTIVE,7002,spatial,visible_pairwise_dist_km_median,proxy,37.61657169271862
B3_ADAPTIVE,7002,spatial,visible_y_spread_km_median,proxy,113.54295904430387
B3_ADAPTIVE,7002,spatial,visible_peak_count,proxy,20.0
B3_ADAPTIVE,7002,spatial,visible_window_start_s,proxy,1865.0
B3_ADAPTIVE,7002,coordination,arrival_front_sync_std_s,proxy,103.5
B3_ADAPTIVE,7002,coordination,arrival_front_mean_s,proxy,1979.4
B3_ADAPTIVE,7002,coordination,approach_bearing_entropy,proxy,0.9273
B3_ADAPTIVE,7002,coordination,group_arrival_sync,proxy,103.5
B3_ADAPTIVE,7002,adaptation,adaptive_replan_count,available,907.0
B3_ADAPTIVE,7002,adaptation,lane_shift_count,available,303.0
B3_ADAPTIVE,7002,adaptation,dispersion_event_count,available,254.0
B3_ADAPTIVE,7002,adaptation,detected_white_event_count,available,864.0
B3_ADAPTIVE,7002,adaptation,replan_frequency_per_1000s,available,53.809
B3_ADAPTIVE,7003,temporal,first_contact_time,available,1864.0
B3_ADAPTIVE,7003,temporal,first_engagement_time,available,7383.0
B3_ADAPTIVE,7003,temporal,first_attack_time,available,8335.0
B3_ADAPTIVE,7003,temporal,resolution_time,available,14450.0
B3_ADAPTIVE,7003,spatial,approach_lane_entropy,proxy,1.0322
B3_ADAPTIVE,7003,spatial,mean_visible_group_count,proxy,4.9
B3_ADAPTIVE,7003,spatial,mean_group_spacing_km,proxy,52724.0
B3_ADAPTIVE,7003,spatial,peak_simultaneous_visible,proxy,20.0
B3_ADAPTIVE,7003,spatial,visible_pairwise_dist_km_median,proxy,42.16766228932351
B3_ADAPTIVE,7003,spatial,visible_y_spread_km_median,proxy,113.20105912843958
B3_ADAPTIVE,7003,spatial,visible_peak_count,proxy,20.0
B3_ADAPTIVE,7003,spatial,visible_window_start_s,proxy,2036.0
B3_ADAPTIVE,7003,coordination,arrival_front_sync_std_s,proxy,0.0
B3_ADAPTIVE,7003,coordination,arrival_front_mean_s,proxy,2036.0
B3_ADAPTIVE,7003,coordination,approach_bearing_entropy,proxy,1.0322
B3_ADAPTIVE,7003,coordination,group_arrival_sync,proxy,0.0
B3_ADAPTIVE,7003,adaptation,adaptive_replan_count,available,627.0
B3_ADAPTIVE,7003,adaptation,lane_shift_count,available,240.0
B3_ADAPTIVE,7003,adaptation,dispersion_event_count,available,200.0
B3_ADAPTIVE,7003,adaptation,detected_white_event_count,available,584.0
B3_ADAPTIVE,7003,adaptation,replan_frequency_per_1000s,available,43.391
B3_ADAPTIVE,7004,temporal,first_contact_time,available,1842.0
B3_ADAPTIVE,7004,temporal,first_engagement_time,available,7398.0
B3_ADAPTIVE,7004,temporal,first_attack_time,available,8314.0
B3_ADAPTIVE,7004,temporal,resolution_time,available,34336.0
B3_ADAPTIVE,7004,spatial,approach_lane_entropy,proxy,1.177
B3_ADAPTIVE,7004,spatial,mean_visible_group_count,proxy,4.9
B3_ADAPTIVE,7004,spatial,mean_group_spacing_km,proxy,63157.0
B3_ADAPTIVE,7004,spatial,peak_simultaneous_visible,proxy,20.0
B3_ADAPTIVE,7004,spatial,visible_pairwise_dist_km_median,proxy,56.585746425114955
B3_ADAPTIVE,7004,spatial,visible_y_spread_km_median,proxy,166.03694256219995
B3_ADAPTIVE,7004,spatial,visible_peak_count,proxy,20.0
B3_ADAPTIVE,7004,spatial,visible_window_start_s,proxy,1930.0
B3_ADAPTIVE,7004,coordination,arrival_front_sync_std_s,proxy,58.8
B3_ADAPTIVE,7004,coordination,arrival_front_mean_s,proxy,1949.6
B3_ADAPTIVE,7004,coordination,approach_bearing_entropy,proxy,1.177
B3_ADAPTIVE,7004,coordination,group_arrival_sync,proxy,58.8
B3_ADAPTIVE,7004,adaptation,adaptive_replan_count,available,731.0
B3_ADAPTIVE,7004,adaptation,lane_shift_count,available,270.0
B3_ADAPTIVE,7004,adaptation,dispersion_event_count,available,224.0
B3_ADAPTIVE,7004,adaptation,detected_white_event_count,available,1356.0
B3_ADAPTIVE,7004,adaptation,replan_frequency_per_1000s,available,21.29
B3_ADAPTIVE,7005,temporal,first_contact_time,available,1868.0
B3_ADAPTIVE,7005,temporal,first_engagement_time,available,7417.0
B3_ADAPTIVE,7005,temporal,first_attack_time,available,8327.0
B3_ADAPTIVE,7005,temporal,resolution_time,available,24196.0
B3_ADAPTIVE,7005,spatial,approach_lane_entropy,proxy,1.1574
B3_ADAPTIVE,7005,spatial,mean_visible_group_count,proxy,4.9
B3_ADAPTIVE,7005,spatial,mean_group_spacing_km,proxy,54512.0
B3_ADAPTIVE,7005,spatial,peak_simultaneous_visible,proxy,20.0
B3_ADAPTIVE,7005,spatial,visible_pairwise_dist_km_median,proxy,48.51101618065847
B3_ADAPTIVE,7005,spatial,visible_y_spread_km_median,proxy,141.96971381758428
B3_ADAPTIVE,7005,spatial,visible_peak_count,proxy,20.0
B3_ADAPTIVE,7005,spatial,visible_window_start_s,proxy,1980.0
B3_ADAPTIVE,7005,coordination,arrival_front_sync_std_s,proxy,0.0
B3_ADAPTIVE,7005,coordination,arrival_front_mean_s,proxy,1980.0
B3_ADAPTIVE,7005,coordination,approach_bearing_entropy,proxy,1.1574
B3_ADAPTIVE,7005,coordination,group_arrival_sync,proxy,0.0
B3_ADAPTIVE,7005,adaptation,adaptive_replan_count,available,628.0
B3_ADAPTIVE,7005,adaptation,lane_shift_count,available,245.0
B3_ADAPTIVE,7005,adaptation,dispersion_event_count,available,200.0
B3_ADAPTIVE,7005,adaptation,detected_white_event_count,available,1295.0
B3_ADAPTIVE,7005,adaptation,replan_frequency_per_1000s,available,25.955
B3_ADAPTIVE,7006,temporal,first_contact_time,available,1851.0
B3_ADAPTIVE,7006,temporal,first_engagement_time,available,7413.0
B3_ADAPTIVE,7006,temporal,first_attack_time,available,8321.0
B3_ADAPTIVE,7006,temporal,resolution_time,available,36905.0
B3_ADAPTIVE,7006,spatial,approach_lane_entropy,proxy,1.2481
B3_ADAPTIVE,7006,spatial,mean_visible_group_count,proxy,4.9
B3_ADAPTIVE,7006,spatial,mean_group_spacing_km,proxy,69231.0
B3_ADAPTIVE,7006,spatial,peak_simultaneous_visible,proxy,20.0
B3_ADAPTIVE,7006,spatial,visible_pairwise_dist_km_median,proxy,67.3631115467512
B3_ADAPTIVE,7006,spatial,visible_y_spread_km_median,proxy,195.63859658108225
B3_ADAPTIVE,7006,spatial,visible_peak_count,proxy,20.0
B3_ADAPTIVE,7006,spatial,visible_window_start_s,proxy,1882.0
B3_ADAPTIVE,7006,coordination,arrival_front_sync_std_s,proxy,88.7
B3_ADAPTIVE,7006,coordination,arrival_front_mean_s,proxy,1947.1
B3_ADAPTIVE,7006,coordination,approach_bearing_entropy,proxy,1.2481
B3_ADAPTIVE,7006,coordination,group_arrival_sync,proxy,88.7
B3_ADAPTIVE,7006,adaptation,adaptive_replan_count,available,545.0
B3_ADAPTIVE,7006,adaptation,lane_shift_count,available,193.0
B3_ADAPTIVE,7006,adaptation,dispersion_event_count,available,166.0
B3_ADAPTIVE,7006,adaptation,detected_white_event_count,available,1358.0
B3_ADAPTIVE,7006,adaptation,replan_frequency_per_1000s,available,14.768
B3_ADAPTIVE,7007,temporal,first_contact_time,available,1853.0
B3_ADAPTIVE,7007,temporal,first_engagement_time,available,7356.0
B3_ADAPTIVE,7007,temporal,first_attack_time,available,8286.0
B3_ADAPTIVE,7007,temporal,resolution_time,available,34920.0
B3_ADAPTIVE,7007,spatial,approach_lane_entropy,proxy,1.2839
B3_ADAPTIVE,7007,spatial,mean_visible_group_count,proxy,4.9
B3_ADAPTIVE,7007,spatial,mean_group_spacing_km,proxy,61507.0
B3_ADAPTIVE,7007,spatial,peak_simultaneous_visible,proxy,20.0
B3_ADAPTIVE,7007,spatial,visible_pairwise_dist_km_median,proxy,59.57004596127176
B3_ADAPTIVE,7007,spatial,visible_y_spread_km_median,proxy,169.07582829554235
B3_ADAPTIVE,7007,spatial,visible_peak_count,proxy,20.0
B3_ADAPTIVE,7007,spatial,visible_window_start_s,proxy,1857.0
B3_ADAPTIVE,7007,coordination,arrival_front_sync_std_s,proxy,95.0
B3_ADAPTIVE,7007,coordination,arrival_front_mean_s,proxy,1962.0
B3_ADAPTIVE,7007,coordination,approach_bearing_entropy,proxy,1.2839
B3_ADAPTIVE,7007,coordination,group_arrival_sync,proxy,95.0
B3_ADAPTIVE,7007,adaptation,adaptive_replan_count,available,548.0
B3_ADAPTIVE,7007,adaptation,lane_shift_count,available,210.0
B3_ADAPTIVE,7007,adaptation,dispersion_event_count,available,190.0
B3_ADAPTIVE,7007,adaptation,detected_white_event_count,available,514.0
B3_ADAPTIVE,7007,adaptation,replan_frequency_per_1000s,available,15.693
B3_ADAPTIVE,7008,temporal,first_contact_time,available,1845.0
B3_ADAPTIVE,7008,temporal,first_engagement_time,available,7410.0
B3_ADAPTIVE,7008,temporal,first_attack_time,available,8305.0
B3_ADAPTIVE,7008,temporal,resolution_time,available,39129.0
B3_ADAPTIVE,7008,spatial,approach_lane_entropy,proxy,1.1918
B3_ADAPTIVE,7008,spatial,mean_visible_group_count,proxy,4.9
B3_ADAPTIVE,7008,spatial,mean_group_spacing_km,proxy,64070.0
B3_ADAPTIVE,7008,spatial,peak_simultaneous_visible,proxy,20.0
B3_ADAPTIVE,7008,spatial,visible_pairwise_dist_km_median,proxy,55.82266634106566
B3_ADAPTIVE,7008,spatial,visible_y_spread_km_median,proxy,160.90117054296965
B3_ADAPTIVE,7008,spatial,visible_peak_count,proxy,20.0
B3_ADAPTIVE,7008,spatial,visible_window_start_s,proxy,1926.0
B3_ADAPTIVE,7008,coordination,arrival_front_sync_std_s,proxy,75.0
B3_ADAPTIVE,7008,coordination,arrival_front_mean_s,proxy,1957.5
B3_ADAPTIVE,7008,coordination,approach_bearing_entropy,proxy,1.1918
B3_ADAPTIVE,7008,coordination,group_arrival_sync,proxy,75.0
B3_ADAPTIVE,7008,adaptation,adaptive_replan_count,available,522.0
B3_ADAPTIVE,7008,adaptation,lane_shift_count,available,213.0
B3_ADAPTIVE,7008,adaptation,dispersion_event_count,available,170.0
B3_ADAPTIVE,7008,adaptation,detected_white_event_count,available,1199.0
B3_ADAPTIVE,7008,adaptation,replan_frequency_per_1000s,available,13.34
B3_ADAPTIVE,7009,temporal,first_contact_time,available,1855.0
B3_ADAPTIVE,7009,temporal,first_engagement_time,available,7383.0
B3_ADAPTIVE,7009,temporal,first_attack_time,available,8312.0
B3_ADAPTIVE,7009,temporal,resolution_time,available,24503.0
B3_ADAPTIVE,7009,spatial,approach_lane_entropy,proxy,1.1862
B3_ADAPTIVE,7009,spatial,mean_visible_group_count,proxy,4.8
B3_ADAPTIVE,7009,spatial,mean_group_spacing_km,proxy,60842.0
B3_ADAPTIVE,7009,spatial,peak_simultaneous_visible,proxy,20.0
B3_ADAPTIVE,7009,spatial,visible_pairwise_dist_km_median,proxy,52.63123852055703
B3_ADAPTIVE,7009,spatial,visible_y_spread_km_median,proxy,149.85123318071936
B3_ADAPTIVE,7009,spatial,visible_peak_count,proxy,20.0
B3_ADAPTIVE,7009,spatial,visible_window_start_s,proxy,1886.0
B3_ADAPTIVE,7009,coordination,arrival_front_sync_std_s,proxy,98.7
B3_ADAPTIVE,7009,coordination,arrival_front_mean_s,proxy,1958.5
B3_ADAPTIVE,7009,coordination,approach_bearing_entropy,proxy,1.1862
B3_ADAPTIVE,7009,coordination,group_arrival_sync,proxy,98.7
B3_ADAPTIVE,7009,adaptation,adaptive_replan_count,available,529.0
B3_ADAPTIVE,7009,adaptation,lane_shift_count,available,204.0
B3_ADAPTIVE,7009,adaptation,dispersion_event_count,available,183.0
B3_ADAPTIVE,7009,adaptation,detected_white_event_count,available,1108.0
B3_ADAPTIVE,7009,adaptation,replan_frequency_per_1000s,available,21.589
B3_ADAPTIVE,7010,temporal,first_contact_time,available,1850.0
B3_ADAPTIVE,7010,temporal,first_engagement_time,available,7392.0
B3_ADAPTIVE,7010,temporal,first_attack_time,available,8285.0
B3_ADAPTIVE,7010,temporal,resolution_time,available,35676.0
B3_ADAPTIVE,7010,spatial,approach_lane_entropy,proxy,1.2751
B3_ADAPTIVE,7010,spatial,mean_visible_group_count,proxy,4.9
B3_ADAPTIVE,7010,spatial,mean_group_spacing_km,proxy,66020.0
B3_ADAPTIVE,7010,spatial,peak_simultaneous_visible,proxy,20.0
B3_ADAPTIVE,7010,spatial,visible_pairwise_dist_km_median,proxy,58.368080200745354
B3_ADAPTIVE,7010,spatial,visible_y_spread_km_median,proxy,167.7152025369712
B3_ADAPTIVE,7010,spatial,visible_peak_count,proxy,20.0
B3_ADAPTIVE,7010,spatial,visible_window_start_s,proxy,1896.0
B3_ADAPTIVE,7010,coordination,arrival_front_sync_std_s,proxy,83.1
B3_ADAPTIVE,7010,coordination,arrival_front_mean_s,proxy,1944.0
B3_ADAPTIVE,7010,coordination,approach_bearing_entropy,proxy,1.2751
B3_ADAPTIVE,7010,coordination,group_arrival_sync,proxy,83.1
B3_ADAPTIVE,7010,adaptation,adaptive_replan_count,available,526.0
B3_ADAPTIVE,7010,adaptation,lane_shift_count,available,212.0
B3_ADAPTIVE,7010,adaptation,dispersion_event_count,available,185.0
B3_ADAPTIVE,7010,adaptation,detected_white_event_count,available,1400.0
B3_ADAPTIVE,7010,adaptation,replan_frequency_per_1000s,available,14.744
