policy_id,n,block,group,feature,availability,mean,std,median,p25,p75,n_used
B0_RANDOM,10,behavioral,adaptation,adaptive_replan_count,available,0,0.0,0.0,0,0,10
B0_RANDOM,10,behavioral,adaptation,lane_shift_count,available,0,0.0,0.0,0,0,10
B0_RANDOM,10,behavioral,adaptation,dispersion_event_count,available,0,0.0,0.0,0,0,10
B0_RANDOM,10,behavioral,adaptation,detected_white_event_count,available,0,0.0,0.0,0,0,10
B0_RANDOM,10,behavioral,adaptation,replan_frequency_per_1000s,available,0.0,0.0,0.0,0.0,0.0,10
B0_RANDOM,10,behavioral,adaptation,contact_to_replan_latency,unavailable,,,,,,10
B0_RANDOM,10,behavioral,coordination,arrival_front_sync_std_s,proxy,7.35,22.05,0.0,0.0,0.0,10
B0_RANDOM,10,behavioral,coordination,arrival_front_mean_s,proxy,1974.41,41.1132,1961.5,1938,2009,10
B0_RANDOM,10,behavioral,coordination,approach_bearing_entropy,proxy,0.6365,0.1857,0.6748,0.5524,0.7989,10
B0_RANDOM,10,behavioral,coordination,group_arrival_sync,proxy,7.35,22.05,0.0,0.0,0.0,10
B0_RANDOM,10,behavioral,spatial,approach_lane_entropy,proxy,0.6365,0.1857,0.6748,0.5524,0.7989,10
B0_RANDOM,10,behavioral,spatial,mean_visible_group_count,proxy,4.94,0.0663,4.95,4.9,5.0,10
B0_RANDOM,10,behavioral,spatial,mean_group_spacing_km,proxy,33820.4,5132.745,34076.0,31291.0,38395.0,10
B0_RANDOM,10,behavioral,spatial,peak_simultaneous_visible,proxy,20.0,0.0,20.0,20.0,20.0,10
B0_RANDOM,10,behavioral,spatial,visible_pairwise_dist_km_median,proxy,28.9701,4.0402,29.2398,25.674,32.6312,10
B0_RANDOM,10,behavioral,spatial,visible_y_spread_km_median,proxy,86.7116,13.7876,82.7806,78.6928,95.1114,10
B0_RANDOM,10,behavioral,spatial,visible_peak_count,proxy,20,0.0,20.0,20,20,10
B0_RANDOM,10,behavioral,spatial,visible_window_start_s,proxy,1964.4,56.0254,1961.5,1937,2009,10
B0_RANDOM,10,behavioral,temporal,first_contact_time,available,1854.7,9.7576,1850.0,1848.0,1863.0,10
B0_RANDOM,10,behavioral,temporal,first_engagement_time,available,7389.4,13.5661,7386.0,7381.0,7400.0,10
B0_RANDOM,10,behavioral,temporal,first_attack_time,available,8340.4,93.2215,8308.0,8302.0,8323.0,10
B0_RANDOM,10,behavioral,temporal,resolution_time,available,15798.6,5112.508,13118.0,12086.0,18167.0,10
B0_RANDOM,10,behavioral,temporal,phase_switch_count,unavailable,,,,,,10
B0_RANDOM,10,response,failure,failure_reason,,,,,,,10
B0_RANDOM,10,response,outcomes,victory,available,1,0.0,1.0,1,1,10
B0_RANDOM,10,response,outcomes,clean_win,available,0.9,0.3,1.0,1,1,10
B0_RANDOM,10,response,outcomes,breakthrough_count,available,0.1,0.3,0.0,0.0,0.0,10
B0_RANDOM,10,response,outcomes,white_friendly_losses,available,6.2,3.0265,6.0,4.0,7.0,10
B0_RANDOM,10,response,outcomes,enemy_kills,available,19.9,0.3,20.0,20.0,20.0,10
B0_RANDOM,10,response,outcomes,explored_ratio,available,0.3766,0.0697,0.3628,0.3227,0.4067,10
B0_RANDOM,10,response,outcomes,white_reacquire_count,available,1.9,3.0806,0.5,0.0,1.0,10
B1_MULTI_AXIS,10,behavioral,adaptation,adaptive_replan_count,available,0,0.0,0.0,0,0,10
B1_MULTI_AXIS,10,behavioral,adaptation,lane_shift_count,available,0,0.0,0.0,0,0,10
B1_MULTI_AXIS,10,behavioral,adaptation,dispersion_event_count,available,0,0.0,0.0,0,0,10
B1_MULTI_AXIS,10,behavioral,adaptation,detected_white_event_count,available,0,0.0,0.0,0,0,10
B1_MULTI_AXIS,10,behavioral,adaptation,replan_frequency_per_1000s,available,0.0,0.0,0.0,0.0,0.0,10
B1_MULTI_AXIS,10,behavioral,adaptation,contact_to_replan_latency,unavailable,,,,,,10
B1_MULTI_AXIS,10,behavioral,coordination,arrival_front_sync_std_s,proxy,1557.15,1589.4623,716.25,188.7,2607.1,10
B1_MULTI_AXIS,10,behavioral,coordination,arrival_front_mean_s,proxy,2629.19,615.1109,2390.65,2068.8,3290.3,10
B1_MULTI_AXIS,10,behavioral,coordination,approach_bearing_entropy,proxy,1.1781,0.1232,1.189,1.0856,1.2489,10
B1_MULTI_AXIS,10,behavioral,coordination,group_arrival_sync,proxy,1557.15,1589.4623,716.25,188.7,2607.1,10
B1_MULTI_AXIS,10,behavioral,spatial,approach_lane_entropy,proxy,1.1781,0.1232,1.189,1.0856,1.2489,10
B1_MULTI_AXIS,10,behavioral,spatial,mean_visible_group_count,proxy,3.86,0.3527,3.9,3.6,4.1,10
B1_MULTI_AXIS,10,behavioral,spatial,mean_group_spacing_km,proxy,84615.6,6126.1995,84182.0,80281.0,90222.0,10
B1_MULTI_AXIS,10,behavioral,spatial,peak_simultaneous_visible,proxy,17.7,1.6763,18.0,17.0,19.0,10
B1_MULTI_AXIS,10,behavioral,spatial,visible_pairwise_dist_km_median,proxy,73.5297,6.6488,73.3436,67.1148,79.5104,10
B1_MULTI_AXIS,10,behavioral,spatial,visible_y_spread_km_median,proxy,181.3669,19.8575,173.808,168.8962,190.4164,10
B1_MULTI_AXIS,10,behavioral,spatial,visible_peak_count,proxy,18.6,1.562,19.0,18,20,10
B1_MULTI_AXIS,10,behavioral,spatial,visible_window_start_s,proxy,1950.2,61.5204,1943.5,1890,2015,10
B1_MULTI_AXIS,10,behavioral,temporal,first_contact_time,available,1856.8,8.6464,1860.5,1850.0,1862.0,10
B1_MULTI_AXIS,10,behavioral,temporal,first_engagement_time,available,7400.2,10.7126,7399.0,7395.0,7407.0,10
B1_MULTI_AXIS,10,behavioral,temporal,first_attack_time,available,8310.2,14.682,8310.0,8298.0,8320.0,10
B1_MULTI_AXIS,10,behavioral,temporal,resolution_time,available,29449.6,4777.169,27816.5,26585.0,28877.0,10
B1_MULTI_AXIS,10,behavioral,temporal,phase_switch_count,unavailable,,,,,,10
B1_MULTI_AXIS,10,response,failure,failure_reason,,,,,,,10
B1_MULTI_AXIS,10,response,outcomes,victory,available,0,0.0,0.0,0,0,10
B1_MULTI_AXIS,10,response,outcomes,clean_win,available,0,0.0,0.0,0,0,10
B1_MULTI_AXIS,10,response,outcomes,breakthrough_count,available,0.9,0.3,1.0,1.0,1.0,10
B1_MULTI_AXIS,10,response,outcomes,white_friendly_losses,available,11.3,1.005,11.0,11.0,12.0,10
B1_MULTI_AXIS,10,response,outcomes,enemy_kills,available,15.1,2.119,14.0,14.0,18.0,10
B1_MULTI_AXIS,10,response,outcomes,explored_ratio,available,0.5167,0.0343,0.5087,0.4871,0.5387,10
B1_MULTI_AXIS,10,response,outcomes,white_reacquire_count,available,3.5,3.0083,2.0,1.0,5.0,10
B2_COORDINATED_PRESSURE,10,behavioral,adaptation,adaptive_replan_count,available,0,0.0,0.0,0,0,10
B2_COORDINATED_PRESSURE,10,behavioral,adaptation,lane_shift_count,available,0,0.0,0.0,0,0,10
B2_COORDINATED_PRESSURE,10,behavioral,adaptation,dispersion_event_count,available,0,0.0,0.0,0,0,10
B2_COORDINATED_PRESSURE,10,behavioral,adaptation,detected_white_event_count,available,0,0.0,0.0,0,0,10
B2_COORDINATED_PRESSURE,10,behavioral,adaptation,replan_frequency_per_1000s,available,0.0,0.0,0.0,0.0,0.0,10
B2_COORDINATED_PRESSURE,10,behavioral,adaptation,contact_to_replan_latency,unavailable,,,,,,10
B2_COORDINATED_PRESSURE,10,behavioral,coordination,arrival_front_sync_std_s,proxy,1020.2,1302.083,469.95,148.1,827.0,10
B2_COORDINATED_PRESSURE,10,behavioral,coordination,arrival_front_mean_s,proxy,2440.39,631.9338,2154.65,2040.4,2328.1,10
B2_COORDINATED_PRESSURE,10,behavioral,coordination,approach_bearing_entropy,proxy,1.2297,0.1471,1.2146,1.113,1.3875,10
B2_COORDINATED_PRESSURE,10,behavioral,coordination,group_arrival_sync,proxy,1020.2,1302.083,469.95,148.1,827.0,10
B2_COORDINATED_PRESSURE,10,behavioral,spatial,approach_lane_entropy,proxy,1.2297,0.1471,1.2146,1.113,1.3875,10
B2_COORDINATED_PRESSURE,10,behavioral,spatial,mean_visible_group_count,proxy,3.97,0.4451,3.9,3.6,4.3,10
B2_COORDINATED_PRESSURE,10,behavioral,spatial,mean_group_spacing_km,proxy,91921.1,6607.0822,90063.5,87579.0,94045.0,10
B2_COORDINATED_PRESSURE,10,behavioral,spatial,peak_simultaneous_visible,proxy,18.5,1.6882,19.0,18.0,20.0,10
B2_COORDINATED_PRESSURE,10,behavioral,spatial,visible_pairwise_dist_km_median,proxy,76.1224,8.7008,73.2735,68.1965,85.1601,10
B2_COORDINATED_PRESSURE,10,behavioral,spatial,visible_y_spread_km_median,proxy,178.0419,22.9062,168.9161,161.1011,198.1771,10
B2_COORDINATED_PRESSURE,10,behavioral,spatial,visible_peak_count,proxy,18.4,1.4967,18.5,18,20,10
B2_COORDINATED_PRESSURE,10,behavioral,spatial,visible_window_start_s,proxy,1980.3,44.2765,1987.0,1945,2020,10
B2_COORDINATED_PRESSURE,10,behavioral,temporal,first_contact_time,available,1857.3,10.0703,1859.0,1847.0,1865.0,10
B2_COORDINATED_PRESSURE,10,behavioral,temporal,first_engagement_time,available,7394.4,25.0008,7390.5,7375.0,7396.0,10
B2_COORDINATED_PRESSURE,10,behavioral,temporal,first_attack_time,available,8312.6,28.2319,8301.5,8293.0,8327.0,10
B2_COORDINATED_PRESSURE,10,behavioral,temporal,resolution_time,available,26145.0,2148.3995,25815.5,24450.0,28234.0,10
B2_COORDINATED_PRESSURE,10,behavioral,temporal,phase_switch_count,unavailable,,,,,,10
B2_COORDINATED_PRESSURE,10,response,failure,failure_reason,,,,,,,10
B2_COORDINATED_PRESSURE,10,response,outcomes,victory,available,0,0.0,0.0,0,0,10
B2_COORDINATED_PRESSURE,10,response,outcomes,clean_win,available,0,0.0,0.0,0,0,10
B2_COORDINATED_PRESSURE,10,response,outcomes,breakthrough_count,available,0.8,0.6,1.0,0.0,1.0,10
B2_COORDINATED_PRESSURE,10,response,outcomes,white_friendly_losses,available,7.4,5.142,10.5,2.0,12.0,10
B2_COORDINATED_PRESSURE,10,response,outcomes,enemy_kills,available,15.2,1.7776,15.0,15.0,16.0,10
B2_COORDINATED_PRESSURE,10,response,outcomes,explored_ratio,available,0.5325,0.0484,0.5097,0.4952,0.5648,10
B2_COORDINATED_PRESSURE,10,response,outcomes,white_reacquire_count,available,2.3,1.1874,2.0,1.0,3.0,10
B3_ADAPTIVE,10,behavioral,adaptation,adaptive_replan_count,available,619.7,115.1208,587.5,529.0,634.0,10
B3_ADAPTIVE,10,behavioral,adaptation,lane_shift_count,available,235.2,33.265,226.5,210.0,262.0,10
B3_ADAPTIVE,10,behavioral,adaptation,dispersion_event_count,available,196.0,24.7911,189.0,183.0,200.0,10
B3_ADAPTIVE,10,behavioral,adaptation,detected_white_event_count,available,1097.5,312.1033,1247.0,864.0,1356.0,10
B3_ADAPTIVE,10,behavioral,adaptation,replan_frequency_per_1000s,available,24.8831,12.7569,21.4395,14.768,25.955,10
B3_ADAPTIVE,10,behavioral,adaptation,contact_to_replan_latency,unavailable,,,,,,10
B3_ADAPTIVE,10,behavioral,coordination,arrival_front_sync_std_s,proxy,68.46,36.2742,82.45,58.8,95.0,10
B3_ADAPTIVE,10,behavioral,coordination,arrival_front_mean_s,proxy,1965.63,26.637,1958.0,1947.1,1979.4,10
B3_ADAPTIVE,10,behavioral,coordination,approach_bearing_entropy,proxy,1.162,0.1045,1.1816,1.1411,1.2481,10
B3_ADAPTIVE,10,behavioral,coordination,group_arrival_sync,proxy,68.46,36.2742,82.45,58.8,95.0,10
B3_ADAPTIVE,10,behavioral,spatial,approach_lane_entropy,proxy,1.162,0.1045,1.1816,1.1411,1.2481,10
B3_ADAPTIVE,10,behavioral,spatial,mean_visible_group_count,proxy,4.87,0.0458,4.9,4.8,4.9,10
B3_ADAPTIVE,10,behavioral,spatial,mean_group_spacing_km,proxy,59930.9,5894.6277,61174.5,54512.0,64070.0,10
B3_ADAPTIVE,10,behavioral,spatial,peak_simultaneous_visible,proxy,20.0,0.0,20.0,20.0,20.0,10
B3_ADAPTIVE,10,behavioral,spatial,visible_pairwise_dist_km_median,proxy,52.8861,8.252,54.227,48.511,58.3681,10
B3_ADAPTIVE,10,behavioral,spatial,visible_y_spread_km_median,proxy,152.3214,24.1925,155.3762,141.9697,167.7152,10
B3_ADAPTIVE,10,behavioral,spatial,visible_peak_count,proxy,20,0.0,20.0,20,20,10
B3_ADAPTIVE,10,behavioral,spatial,visible_window_start_s,proxy,1915.3,52.6935,1895.5,1882,1930,10
B3_ADAPTIVE,10,behavioral,temporal,first_contact_time,available,1856.1,9.2569,1854.0,1850.0,1864.0,10
B3_ADAPTIVE,10,behavioral,temporal,first_engagement_time,available,7393.9,17.0672,7395.0,7383.0,7410.0,10
B3_ADAPTIVE,10,behavioral,temporal,first_attack_time,available,8308.7,15.6783,8308.5,8297.0,8321.0,10
B3_ADAPTIVE,10,behavioral,temporal,resolution_time,available,28711.3,8264.3166,30239.0,24196.0,35676.0,10
B3_ADAPTIVE,10,behavioral,temporal,phase_switch_count,unavailable,,,,,,10
B3_ADAPTIVE,10,response,failure,failure_reason,,,,,,,10
B3_ADAPTIVE,10,response,outcomes,victory,available,0.9,0.3,1.0,1,1,10
B3_ADAPTIVE,10,response,outcomes,clean_win,available,0.6,0.4899,1.0,0,1,10
B3_ADAPTIVE,10,response,outcomes,breakthrough_count,available,0.4,0.4899,0.0,0.0,1.0,10
B3_ADAPTIVE,10,response,outcomes,white_friendly_losses,available,8.5,4.2953,10.0,4.0,11.0,10
B3_ADAPTIVE,10,response,outcomes,enemy_kills,available,19.5,0.6708,20.0,19.0,20.0,10
B3_ADAPTIVE,10,response,outcomes,explored_ratio,available,0.5204,0.0749,0.5328,0.4688,0.5835,10
B3_ADAPTIVE,10,response,outcomes,white_reacquire_count,available,4.6,2.9394,4.5,2.0,6.0,10
