episode_id,seed,scenario,white_version,black_profile,outcome,clean_win,breakthrough,friendly_usv_loss,enemy_kills,resolution_time,explored_area_km2,first_detection,first_lock,first_kill,reacquire_attempts,reacquire_success,first_friendly_death_time,abnormal_error,trace_path,first_lock,first_kill,reacquire_attempts,reacquire_success,first_friendly_death_time,lost_track_runs,capacity_hole_proxy_steps
S2_B3_s6001,6001,S2,W5,B3_ADAPTIVE,BREAKTHROUGH_WIN,0,1,5,20,41128.0,86100.0,1867.0,7395.0,8315.0,166,165,8372,0,/root/autodl-tmp/hsystem/auto_harness/phase0/corpus/logs/S2_B3_s6001.log,7395.0,8315.0,166,165,8372,13,31
S2_B3_s6002,6002,S2,W5,B3_ADAPTIVE,CLEAN_WIN,1,0,2,20,23106.0,99525.0,1844.0,7374.0,8313.0,196,196,10381,0,/root/autodl-tmp/hsystem/auto_harness/phase0/corpus/logs/S2_B3_s6002.log,7374.0,8313.0,196,196,10381,9,34
S2_B3_s6003,6003,S2,W5,B3_ADAPTIVE,CLEAN_WIN,1,0,4,20,20992.0,92100.0,1855.0,7411.0,8324.0,172,172,9107,0,/root/autodl-tmp/hsystem/auto_harness/phase0/corpus/logs/S2_B3_s6003.log,7411.0,8324.0,172,172,9107,11,27
S2_B3_s6004,6004,S2,W5,B3_ADAPTIVE,CLEAN_WIN,1,0,1,20,26898.0,122925.0,1856.0,7421.0,8337.0,154,153,8513,0,/root/autodl-tmp/hsystem/auto_harness/phase0/corpus/logs/S2_B3_s6004.log,7421.0,8337.0,154,153,8513,12,29
S2_B3_s6005,6005,S2,W5,B3_ADAPTIVE,BREAKTHROUGH_WIN,0,1,5,20,39822.0,110775.0,1859.0,7392.0,8703.0,214,213,8420,0,/root/autodl-tmp/hsystem/auto_harness/phase0/corpus/logs/S2_B3_s6005.log,7392.0,8703.0,214,213,8420,9,29
S2_B3_s6006,6006,S2,W5,B3_ADAPTIVE,BREAKTHROUGH_WIN,0,1,4,20,36972.0,113700.0,1855.0,7378.0,8291.0,261,260,8291,0,/root/autodl-tmp/hsystem/auto_harness/phase0/corpus/logs/S2_B3_s6006.log,7378.0,8291.0,261,260,8291,12,32
S2_B3_s6007,6007,S2,W5,B3_ADAPTIVE,CLEAN_WIN,1,0,2,20,20085.0,105150.0,1856.0,7387.0,8311.0,131,131,8272,0,/root/autodl-tmp/hsystem/auto_harness/phase0/corpus/logs/S2_B3_s6007.log,7387.0,8311.0,131,131,8272,7,25
S2_B3_s6008,6008,S2,W5,B3_ADAPTIVE,CLEAN_WIN,1,0,1,20,22361.0,111975.0,1864.0,7372.0,8295.0,153,153,9339,0,/root/autodl-tmp/hsystem/auto_harness/phase0/corpus/logs/S2_B3_s6008.log,7372.0,8295.0,153,153,9339,10,33
S2_B3_s6009,6009,S2,W5,B3_ADAPTIVE,CLEAN_WIN,1,0,5,20,16472.0,65750.0,1860.0,7396.0,8301.0,77,77,8750,0,/root/autodl-tmp/hsystem/auto_harness/phase0/corpus/logs/S2_B3_s6009.log,7396.0,8301.0,77,77,8750,10,23
S2_B3_s6010,6010,S2,W5,B3_ADAPTIVE,DEFEAT,0,1,4,19,38016.0,122950.0,1850.0,7386.0,8344.0,131,129,9566,0,/root/autodl-tmp/hsystem/auto_harness/phase0/corpus/logs/S2_B3_s6010.log,7386.0,8344.0,131,129,9566,14,34
S2_B3_s6011,6011,S2,W5,B3_ADAPTIVE,DEFEAT,0,1,9,18,35324.0,68550.0,1862.0,7385.0,8352.0,179,176,8612,0,/root/autodl-tmp/hsystem/auto_harness/phase0/corpus/logs/S2_B3_s6011.log,7385.0,8352.0,179,176,8612,16,48
S2_B3_s6012,6012,S2,W5,B3_ADAPTIVE,CLEAN_WIN,1,0,3,20,17702.0,86400.0,1854.0,7469.0,8388.0,127,127,8753,0,/root/autodl-tmp/hsystem/auto_harness/phase0/corpus/logs/S2_B3_s6012.log,7469.0,8388.0,127,127,8753,10,24
S2_B3_s6013,6013,S2,W5,B3_ADAPTIVE,CLEAN_WIN,1,0,2,20,22681.0,108450.0,1862.0,7424.0,8317.0,137,137,8540,0,/root/autodl-tmp/hsystem/auto_harness/phase0/corpus/logs/S2_B3_s6013.log,7424.0,8317.0,137,137,8540,14,26
S2_B3_s6014,6014,S2,W5,B3_ADAPTIVE,DEFEAT,0,1,1,19,33045.0,103625.0,1849.0,7429.0,8342.0,225,223,8842,0,/root/autodl-tmp/hsystem/auto_harness/phase0/corpus/logs/S2_B3_s6014.log,7429.0,8342.0,225,223,8842,12,32
S2_B3_s6015,6015,S2,W5,B3_ADAPTIVE,BREAKTHROUGH_WIN,0,1,4,20,38719.0,98975.0,1856.0,7400.0,8319.0,149,148,8501,0,/root/autodl-tmp/hsystem/auto_harness/phase0/corpus/logs/S2_B3_s6015.log,7400.0,8319.0,149,148,8501,15,30
S2_B3_s6016,6016,S2,W5,B3_ADAPTIVE,CLEAN_WIN,1,0,4,20,19874.0,94100.0,1860.0,7405.0,8310.0,156,156,8608,0,/root/autodl-tmp/hsystem/auto_harness/phase0/corpus/logs/S2_B3_s6016.log,7405.0,8310.0,156,156,8608,9,25
S2_B3_s6017,6017,S2,W5,B3_ADAPTIVE,DEFEAT,0,1,7,19,38975.0,101200.0,1852.0,7392.0,8306.0,228,226,8343,0,/root/autodl-tmp/hsystem/auto_harness/phase0/corpus/logs/S2_B3_s6017.log,7392.0,8306.0,228,226,8343,11,40
S2_B3_s6018,6018,S2,W5,B3_ADAPTIVE,CLEAN_WIN,1,0,2,20,18061.0,102550.0,1856.0,7450.0,8380.0,188,188,8699,0,/root/autodl-tmp/hsystem/auto_harness/phase0/corpus/logs/S2_B3_s6018.log,7450.0,8380.0,188,188,8699,8,22
S2_B3_s6019,6019,S2,W5,B3_ADAPTIVE,CLEAN_WIN,1,0,7,20,20194.0,66450.0,1849.0,7392.0,8284.0,234,234,8249,0,/root/autodl-tmp/hsystem/auto_harness/phase0/corpus/logs/S2_B3_s6019.log,7392.0,8284.0,234,234,8249,9,30
S2_B3_s6020,6020,S2,W5,B3_ADAPTIVE,CLEAN_WIN,1,0,2,20,18206.0,105325.0,1862.0,7394.0,8297.0,113,113,8227,0,/root/autodl-tmp/hsystem/auto_harness/phase0/corpus/logs/S2_B3_s6020.log,7394.0,8297.0,113,113,8227,7,23
S2_B3_s6021,6021,S2,W5,B3_ADAPTIVE,CLEAN_WIN,1,0,6,20,16601.0,69525.0,1850.0,7411.0,8310.0,173,173,8697,0,/root/autodl-tmp/hsystem/auto_harness/phase0/corpus/logs/S2_B3_s6021.log,7411.0,8310.0,173,173,8697,10,23
S2_B3_s6022,6022,S2,W5,B3_ADAPTIVE,BREAKTHROUGH_WIN,0,1,5,20,37949.0,104000.0,1867.0,7443.0,8363.0,167,166,8858,0,/root/autodl-tmp/hsystem/auto_harness/phase0/corpus/logs/S2_B3_s6022.log,7443.0,8363.0,167,166,8858,9,29
S2_B3_s6023,6023,S2,W5,B3_ADAPTIVE,CLEAN_WIN,1,0,6,20,23941.0,108750.0,1866.0,7372.0,8291.0,146,146,8254,0,/root/autodl-tmp/hsystem/auto_harness/phase0/corpus/logs/S2_B3_s6023.log,7372.0,8291.0,146,146,8254,12,32
S2_B3_s6024,6024,S2,W5,B3_ADAPTIVE,CLEAN_WIN,1,0,5,20,15524.0,67275.0,1864.0,7390.0,8326.0,214,214,8590,0,/root/autodl-tmp/hsystem/auto_harness/phase0/corpus/logs/S2_B3_s6024.log,7390.0,8326.0,214,214,8590,7,24
S2_B3_s6025,6025,S2,W5,B3_ADAPTIVE,CLEAN_WIN,1,0,3,20,17616.0,79350.0,1843.0,7387.0,8299.0,205,205,8425,0,/root/autodl-tmp/hsystem/auto_harness/phase0/corpus/logs/S2_B3_s6025.log,7387.0,8299.0,205,205,8425,7,29
S2_B3_s6026,6026,S2,W5,B3_ADAPTIVE,CLEAN_WIN,1,0,4,20,15097.0,82825.0,1846.0,7424.0,8332.0,188,188,8686,0,/root/autodl-tmp/hsystem/auto_harness/phase0/corpus/logs/S2_B3_s6026.log,7424.0,8332.0,188,188,8686,5,24
S2_B3_s6027,6027,S2,W5,B3_ADAPTIVE,CLEAN_WIN,1,0,5,20,21359.0,107050.0,1863.0,7444.0,8382.0,193,193,8603,0,/root/autodl-tmp/hsystem/auto_harness/phase0/corpus/logs/S2_B3_s6027.log,7444.0,8382.0,193,193,8603,9,28
S2_B3_s6028,6028,S2,W5,B3_ADAPTIVE,BREAKTHROUGH_WIN,0,1,7,20,41567.0,98225.0,1844.0,7406.0,8334.0,242,241,9026,0,/root/autodl-tmp/hsystem/auto_harness/phase0/corpus/logs/S2_B3_s6028.log,7406.0,8334.0,242,241,9026,13,37
S2_B3_s6029,6029,S2,W5,B3_ADAPTIVE,DEFEAT,0,1,5,19,31090.0,90600.0,1867.0,7405.0,8312.0,185,184,8447,0,/root/autodl-tmp/hsystem/auto_harness/phase0/corpus/logs/S2_B3_s6029.log,7405.0,8312.0,185,184,8447,11,39
S2_B3_s6030,6030,S2,W5,B3_ADAPTIVE,BREAKTHROUGH_WIN,0,1,1,20,35730.0,125100.0,1857.0,7432.0,8475.0,197,196,10421,0,/root/autodl-tmp/hsystem/auto_harness/phase0/corpus/logs/S2_B3_s6030.log,7432.0,8475.0,197,196,10421,13,23
S2_B3_s6031,6031,S2,W5,B3_ADAPTIVE,BREAKTHROUGH_WIN,0,1,6,20,42790.0,105375.0,1854.0,7387.0,8338.0,162,161,8240,0,/root/autodl-tmp/hsystem/auto_harness/phase0/corpus/logs/S2_B3_s6031.log,7387.0,8338.0,162,161,8240,12,44
S2_B3_s6032,6032,S2,W5,B3_ADAPTIVE,BREAKTHROUGH_WIN,0,1,6,20,38859.0,93500.0,1850.0,7400.0,8405.0,278,277,8443,0,/root/autodl-tmp/hsystem/auto_harness/phase0/corpus/logs/S2_B3_s6032.log,7400.0,8405.0,278,277,8443,7,35
S2_B3_s6033,6033,S2,W5,B3_ADAPTIVE,CLEAN_WIN,1,0,5,20,23230.0,114875.0,1858.0,7416.0,8325.0,222,222,8876,0,/root/autodl-tmp/hsystem/auto_harness/phase0/corpus/logs/S2_B3_s6033.log,7416.0,8325.0,222,222,8876,11,28
S2_B3_s6034,6034,S2,W5,B3_ADAPTIVE,DEFEAT,0,1,6,19,24797.0,103875.0,1850.0,7493.0,8459.0,228,226,9259,0,/root/autodl-tmp/hsystem/auto_harness/phase0/corpus/logs/S2_B3_s6034.log,7493.0,8459.0,228,226,9259,15,28
S2_B3_s6035,6035,S2,W5,B3_ADAPTIVE,CLEAN_WIN,1,0,5,20,16635.0,69250.0,1858.0,7394.0,8309.0,126,126,8309,0,/root/autodl-tmp/hsystem/auto_harness/phase0/corpus/logs/S2_B3_s6035.log,7394.0,8309.0,126,126,8309,4,23
S2_B3_s6036,6036,S2,W5,B3_ADAPTIVE,CLEAN_WIN,1,0,4,20,25920.0,110450.0,1859.0,7404.0,8305.0,146,146,8535,0,/root/autodl-tmp/hsystem/auto_harness/phase0/corpus/logs/S2_B3_s6036.log,7404.0,8305.0,146,146,8535,15,34
S2_B3_s6037,6037,S2,W5,B3_ADAPTIVE,CLEAN_WIN,1,0,4,20,23992.0,98200.0,1860.0,7410.0,8326.0,202,202,8848,0,/root/autodl-tmp/hsystem/auto_harness/phase0/corpus/logs/S2_B3_s6037.log,7410.0,8326.0,202,202,8848,12,25
S2_B3_s6038,6038,S2,W5,B3_ADAPTIVE,BREAKTHROUGH_WIN,0,1,5,20,39903.0,92250.0,1846.0,7389.0,8327.0,215,214,8241,0,/root/autodl-tmp/hsystem/auto_harness/phase0/corpus/logs/S2_B3_s6038.log,7389.0,8327.0,215,214,8241,11,32
S2_B3_s6039,6039,S2,W5,B3_ADAPTIVE,BREAKTHROUGH_WIN,0,1,5,20,38779.0,96600.0,1853.0,7401.0,8287.0,285,284,8549,0,/root/autodl-tmp/hsystem/auto_harness/phase0/corpus/logs/S2_B3_s6039.log,7401.0,8287.0,285,284,8549,15,29
S2_B3_s6040,6040,S2,W5,B3_ADAPTIVE,CLEAN_WIN,1,0,5,20,21974.0,83325.0,1859.0,7385.0,8273.0,138,138,8454,0,/root/autodl-tmp/hsystem/auto_harness/phase0/corpus/logs/S2_B3_s6040.log,7385.0,8273.0,138,138,8454,11,27
S2_B3_s6041,6041,S2,W5,B3_ADAPTIVE,CLEAN_WIN,1,0,3,20,24709.0,101725.0,1858.0,7386.0,8287.0,228,228,8709,0,/root/autodl-tmp/hsystem/auto_harness/phase0/corpus/logs/S2_B3_s6041.log,7386.0,8287.0,228,228,8709,13,26
S2_B3_s6042,6042,S2,W5,B3_ADAPTIVE,CLEAN_WIN,1,0,3,20,20332.0,112850.0,1850.0,7536.0,8465.0,141,141,8878,0,/root/autodl-tmp/hsystem/auto_harness/phase0/corpus/logs/S2_B3_s6042.log,7536.0,8465.0,141,141,8878,9,23
S2_B3_s6043,6043,S2,W5,B3_ADAPTIVE,BREAKTHROUGH_WIN,0,1,2,20,38866.0,100125.0,1870.0,7377.0,8284.0,180,179,8828,0,/root/autodl-tmp/hsystem/auto_harness/phase0/corpus/logs/S2_B3_s6043.log,7377.0,8284.0,180,179,8828,10,27
S2_B3_s6044,6044,S2,W5,B3_ADAPTIVE,CLEAN_WIN,1,0,2,20,15190.0,76150.0,1861.0,7459.0,8357.0,131,131,9112,0,/root/autodl-tmp/hsystem/auto_harness/phase0/corpus/logs/S2_B3_s6044.log,7459.0,8357.0,131,131,9112,9,22
S2_B3_s6045,6045,S2,W5,B3_ADAPTIVE,CLEAN_WIN,1,0,1,20,22554.0,93350.0,1848.0,7399.0,8297.0,187,187,9813,0,/root/autodl-tmp/hsystem/auto_harness/phase0/corpus/logs/S2_B3_s6045.log,7399.0,8297.0,187,187,9813,9,28
S2_B3_s6046,6046,S2,W5,B3_ADAPTIVE,CLEAN_WIN,1,0,5,20,19905.0,83350.0,1865.0,7379.0,8281.0,106,106,8685,0,/root/autodl-tmp/hsystem/auto_harness/phase0/corpus/logs/S2_B3_s6046.log,7379.0,8281.0,106,106,8685,8,25
S2_B3_s6047,6047,S2,W5,B3_ADAPTIVE,BREAKTHROUGH_WIN,0,1,4,20,40662.0,97250.0,1854.0,7392.0,8300.0,213,212,8567,0,/root/autodl-tmp/hsystem/auto_harness/phase0/corpus/logs/S2_B3_s6047.log,7392.0,8300.0,213,212,8567,11,27
S2_B3_s6048,6048,S2,W5,B3_ADAPTIVE,CLEAN_WIN,1,0,3,20,15476.0,77225.0,1853.0,7410.0,8311.0,91,91,8972,0,/root/autodl-tmp/hsystem/auto_harness/phase0/corpus/logs/S2_B3_s6048.log,7410.0,8311.0,91,91,8972,10,23
S2_B3_s6049,6049,S2,W5,B3_ADAPTIVE,BREAKTHROUGH_WIN,0,1,1,20,33251.0,114150.0,1866.0,7385.0,8317.0,234,233,8669,0,/root/autodl-tmp/hsystem/auto_harness/phase0/corpus/logs/S2_B3_s6049.log,7385.0,8317.0,234,233,8669,18,27
S2_B3_s6050,6050,S2,W5,B3_ADAPTIVE,CLEAN_WIN,1,0,6,20,16017.0,77325.0,1858.0,7413.0,8303.0,180,180,9166,0,/root/autodl-tmp/hsystem/auto_harness/phase0/corpus/logs/S2_B3_s6050.log,7413.0,8303.0,180,180,9166,8,24
S2_B3_s6051,6051,S2,W5,B3_ADAPTIVE,CLEAN_WIN,1,0,2,20,14709.0,79550.0,1854.0,7390.0,8283.0,190,190,9481,0,/root/autodl-tmp/hsystem/auto_harness/phase0/corpus/logs/S2_B3_s6051.log,7390.0,8283.0,190,190,9481,9,23
S2_B3_s6052,6052,S2,W5,B3_ADAPTIVE,CLEAN_WIN,1,0,2,20,21309.0,114525.0,1867.0,7392.0,8282.0,148,148,8823,0,/root/autodl-tmp/hsystem/auto_harness/phase0/corpus/logs/S2_B3_s6052.log,7392.0,8282.0,148,148,8823,8,25
S2_B3_s6053,6053,S2,W5,B3_ADAPTIVE,CLEAN_WIN,1,0,2,20,20202.0,91400.0,1866.0,7397.0,8302.0,117,117,8988,0,/root/autodl-tmp/hsystem/auto_harness/phase0/corpus/logs/S2_B3_s6053.log,7397.0,8302.0,117,117,8988,8,26
S2_B3_s6054,6054,S2,W5,B3_ADAPTIVE,CLEAN_WIN,1,0,1,20,21216.0,109175.0,1868.0,7380.0,8330.0,179,179,9590,0,/root/autodl-tmp/hsystem/auto_harness/phase0/corpus/logs/S2_B3_s6054.log,7380.0,8330.0,179,179,9590,9,24
S2_B3_s6055,6055,S2,W5,B3_ADAPTIVE,CLEAN_WIN,1,0,3,20,19936.0,82800.0,1847.0,7435.0,8353.0,238,238,8765,0,/root/autodl-tmp/hsystem/auto_harness/phase0/corpus/logs/S2_B3_s6055.log,7435.0,8353.0,238,238,8765,10,29
S2_B3_s6056,6056,S2,W5,B3_ADAPTIVE,BREAKTHROUGH_WIN,0,1,5,20,40816.0,105900.0,1864.0,7400.0,8302.0,210,209,24007,0,/root/autodl-tmp/hsystem/auto_harness/phase0/corpus/logs/S2_B3_s6056.log,7400.0,8302.0,210,209,24007,13,38
S2_B3_s6057,6057,S2,W5,B3_ADAPTIVE,CLEAN_WIN,1,0,1,20,24316.0,109650.0,1854.0,7396.0,8284.0,168,168,9562,0,/root/autodl-tmp/hsystem/auto_harness/phase0/corpus/logs/S2_B3_s6057.log,7396.0,8284.0,168,168,9562,7,31
S2_B3_s6058,6058,S2,W5,B3_ADAPTIVE,BREAKTHROUGH_WIN,0,1,5,20,38639.0,98450.0,1845.0,7403.0,8303.0,253,252,8194,0,/root/autodl-tmp/hsystem/auto_harness/phase0/corpus/logs/S2_B3_s6058.log,7403.0,8303.0,253,252,8194,10,37
S2_B3_s6059,6059,S2,W5,B3_ADAPTIVE,CLEAN_WIN,1,0,3,20,22717.0,108375.0,1845.0,7433.0,8325.0,205,205,8945,0,/root/autodl-tmp/hsystem/auto_harness/phase0/corpus/logs/S2_B3_s6059.log,7433.0,8325.0,205,205,8945,12,25
S2_B3_s6060,6060,S2,W5,B3_ADAPTIVE,CLEAN_WIN,1,0,2,20,17282.0,88675.0,1861.0,7392.0,8310.0,143,143,9412,0,/root/autodl-tmp/hsystem/auto_harness/phase0/corpus/logs/S2_B3_s6060.log,7392.0,8310.0,143,143,9412,8,24
S2_B3_s6061,6061,S2,W5,B3_ADAPTIVE,CLEAN_WIN,1,0,6,20,18371.0,83825.0,1865.0,7395.0,8356.0,126,126,8862,0,/root/autodl-tmp/hsystem/auto_harness/phase0/corpus/logs/S2_B3_s6061.log,7395.0,8356.0,126,126,8862,11,28
S2_B3_s6062,6062,S2,W5,B3_ADAPTIVE,BREAKTHROUGH_WIN,0,1,2,20,38158.0,118650.0,1862.0,7369.0,8306.0,175,174,9315,0,/root/autodl-tmp/hsystem/auto_harness/phase0/corpus/logs/S2_B3_s6062.log,7369.0,8306.0,175,174,9315,13,31
S2_B3_s6063,6063,S2,W5,B3_ADAPTIVE,CLEAN_WIN,1,0,1,20,23236.0,128625.0,1858.0,7380.0,8313.0,174,174,10433,0,/root/autodl-tmp/hsystem/auto_harness/phase0/corpus/logs/S2_B3_s6063.log,7380.0,8313.0,174,174,10433,10,26
S2_B3_s6064,6064,S2,W5,B3_ADAPTIVE,BREAKTHROUGH_WIN,0,1,2,20,42532.0,98150.0,1846.0,7419.0,8337.0,179,178,8988,0,/root/autodl-tmp/hsystem/auto_harness/phase0/corpus/logs/S2_B3_s6064.log,7419.0,8337.0,179,178,8988,11,31
S2_B3_s6065,6065,S2,W5,B3_ADAPTIVE,BREAKTHROUGH_WIN,0,1,4,20,41419.0,108825.0,1867.0,7391.0,8332.0,221,220,8818,0,/root/autodl-tmp/hsystem/auto_harness/phase0/corpus/logs/S2_B3_s6065.log,7391.0,8332.0,221,220,8818,11,36
S2_B3_s6066,6066,S2,W5,B3_ADAPTIVE,CLEAN_WIN,1,0,3,20,16697.0,91225.0,1863.0,7389.0,8281.0,158,158,8473,0,/root/autodl-tmp/hsystem/auto_harness/phase0/corpus/logs/S2_B3_s6066.log,7389.0,8281.0,158,158,8473,6,24
S2_B3_s6067,6067,S2,W5,B3_ADAPTIVE,CLEAN_WIN,1,0,2,20,21881.0,120000.0,1854.0,7450.0,8344.0,170,170,9327,0,/root/autodl-tmp/hsystem/auto_harness/phase0/corpus/logs/S2_B3_s6067.log,7450.0,8344.0,170,170,9327,7,26
S2_B3_s6068,6068,S2,W5,B3_ADAPTIVE,BREAKTHROUGH_WIN,0,1,5,20,41218.0,106400.0,1864.0,7394.0,8301.0,142,141,8402,0,/root/autodl-tmp/hsystem/auto_harness/phase0/corpus/logs/S2_B3_s6068.log,7394.0,8301.0,142,141,8402,12,32
S2_B3_s6069,6069,S2,W5,B3_ADAPTIVE,CLEAN_WIN,1,0,2,20,18647.0,79400.0,1845.0,7547.0,8468.0,270,270,9075,0,/root/autodl-tmp/hsystem/auto_harness/phase0/corpus/logs/S2_B3_s6069.log,7547.0,8468.0,270,270,9075,10,25
S2_B3_s6070,6070,S2,W5,B3_ADAPTIVE,CLEAN_WIN,1,0,2,20,21497.0,105475.0,1851.0,7385.0,8287.0,205,205,8628,0,/root/autodl-tmp/hsystem/auto_harness/phase0/corpus/logs/S2_B3_s6070.log,7385.0,8287.0,205,205,8628,9,26
S2_B3_s6071,6071,S2,W5,B3_ADAPTIVE,BREAKTHROUGH_WIN,0,1,4,20,37329.0,126150.0,1856.0,7427.0,8338.0,198,197,8627,0,/root/autodl-tmp/hsystem/auto_harness/phase0/corpus/logs/S2_B3_s6071.log,7427.0,8338.0,198,197,8627,10,29
S2_B3_s6072,6072,S2,W5,B3_ADAPTIVE,CLEAN_WIN,1,0,3,20,24136.0,112550.0,1856.0,7369.0,8296.0,110,110,8606,0,/root/autodl-tmp/hsystem/auto_harness/phase0/corpus/logs/S2_B3_s6072.log,7369.0,8296.0,110,110,8606,7,33
S2_B3_s6073,6073,S2,W5,B3_ADAPTIVE,CLEAN_WIN,1,0,4,20,18355.0,100050.0,1840.0,7421.0,8342.0,207,207,8899,0,/root/autodl-tmp/hsystem/auto_harness/phase0/corpus/logs/S2_B3_s6073.log,7421.0,8342.0,207,207,8899,7,23
S2_B3_s6074,6074,S2,W5,B3_ADAPTIVE,DEFEAT,0,1,3,19,26145.0,132900.0,1863.0,7421.0,8321.0,136,134,8577,0,/root/autodl-tmp/hsystem/auto_harness/phase0/corpus/logs/S2_B3_s6074.log,7421.0,8321.0,136,134,8577,8,26
S2_B3_s6075,6075,S2,W5,B3_ADAPTIVE,CLEAN_WIN,1,0,0,20,15798.0,85750.0,1849.0,7543.0,8445.0,155,155,,0,/root/autodl-tmp/hsystem/auto_harness/phase0/corpus/logs/S2_B3_s6075.log,7543.0,8445.0,155,155,,8,25
S2_B3_s6076,6076,S2,W5,B3_ADAPTIVE,DEFEAT,0,1,8,17,24618.0,89075.0,1848.0,7418.0,8311.0,262,259,8610,0,/root/autodl-tmp/hsystem/auto_harness/phase0/corpus/logs/S2_B3_s6076.log,7418.0,8311.0,262,259,8610,14,40
S2_B3_s6077,6077,S2,W5,B3_ADAPTIVE,CLEAN_WIN,1,0,2,20,25107.0,99100.0,1866.0,7403.0,8302.0,163,163,9211,0,/root/autodl-tmp/hsystem/auto_harness/phase0/corpus/logs/S2_B3_s6077.log,7403.0,8302.0,163,163,9211,13,29
S2_B3_s6078,6078,S2,W5,B3_ADAPTIVE,CLEAN_WIN,1,0,2,20,25826.0,117075.0,1860.0,7373.0,8291.0,142,142,10290,0,/root/autodl-tmp/hsystem/auto_harness/phase0/corpus/logs/S2_B3_s6078.log,7373.0,8291.0,142,142,10290,11,32
S2_B3_s6079,6079,S2,W5,B3_ADAPTIVE,CLEAN_WIN,1,0,4,20,16038.0,69825.0,1847.0,7443.0,8364.0,209,209,8650,0,/root/autodl-tmp/hsystem/auto_harness/phase0/corpus/logs/S2_B3_s6079.log,7443.0,8364.0,209,209,8650,5,24
S2_B3_s6080,6080,S2,W5,B3_ADAPTIVE,BREAKTHROUGH_WIN,0,1,6,20,37898.0,92725.0,1847.0,7440.0,8352.0,222,221,8394,0,/root/autodl-tmp/hsystem/auto_harness/phase0/corpus/logs/S2_B3_s6080.log,7440.0,8352.0,222,221,8394,10,32
S2_B3_s6081,6081,S2,W5,B3_ADAPTIVE,CLEAN_WIN,1,0,3,20,15383.0,75825.0,1847.0,7455.0,8337.0,173,173,8368,0,/root/autodl-tmp/hsystem/auto_harness/phase0/corpus/logs/S2_B3_s6081.log,7455.0,8337.0,173,173,8368,8,22
S2_B3_s6082,6082,S2,W5,B3_ADAPTIVE,BREAKTHROUGH_WIN,0,1,4,20,37493.0,94350.0,1846.0,7400.0,8290.0,210,209,8592,0,/root/autodl-tmp/hsystem/auto_harness/phase0/corpus/logs/S2_B3_s6082.log,7400.0,8290.0,210,209,8592,12,30
S2_B3_s6083,6083,S2,W5,B3_ADAPTIVE,CLEAN_WIN,1,0,1,20,17682.0,78875.0,1855.0,7421.0,8347.0,210,210,10469,0,/root/autodl-tmp/hsystem/auto_harness/phase0/corpus/logs/S2_B3_s6083.log,7421.0,8347.0,210,210,10469,8,26
S2_B3_s6084,6084,S2,W5,B3_ADAPTIVE,CLEAN_WIN,1,0,2,20,14681.0,82700.0,1864.0,7470.0,8388.0,138,138,8953,0,/root/autodl-tmp/hsystem/auto_harness/phase0/corpus/logs/S2_B3_s6084.log,7470.0,8388.0,138,138,8953,5,22
S2_B3_s6085,6085,S2,W5,B3_ADAPTIVE,CLEAN_WIN,1,0,4,20,24637.0,97550.0,1849.0,7525.0,8442.0,420,420,8377,0,/root/autodl-tmp/hsystem/auto_harness/phase0/corpus/logs/S2_B3_s6085.log,7525.0,8442.0,420,420,8377,9,33
S2_B3_s6086,6086,S2,W5,B3_ADAPTIVE,CLEAN_WIN,1,0,1,20,23856.0,110825.0,1851.0,7443.0,8382.0,160,160,8887,0,/root/autodl-tmp/hsystem/auto_harness/phase0/corpus/logs/S2_B3_s6086.log,7443.0,8382.0,160,160,8887,12,24
S2_B3_s6087,6087,S2,W5,B3_ADAPTIVE,CLEAN_WIN,1,0,4,20,15262.0,76725.0,1846.0,7442.0,8350.0,225,225,8913,0,/root/autodl-tmp/hsystem/auto_harness/phase0/corpus/logs/S2_B3_s6087.log,7442.0,8350.0,225,225,8913,3,22
S2_B3_s6088,6088,S2,W5,B3_ADAPTIVE,CLEAN_WIN,1,0,3,20,25494.0,112725.0,1848.0,7409.0,8380.0,185,185,8983,0,/root/autodl-tmp/hsystem/auto_harness/phase0/corpus/logs/S2_B3_s6088.log,7409.0,8380.0,185,185,8983,11,28
S2_B3_s6089,6089,S2,W5,B3_ADAPTIVE,CLEAN_WIN,1,0,6,20,18163.0,72000.0,1845.0,7443.0,8355.0,326,326,8421,0,/root/autodl-tmp/hsystem/auto_harness/phase0/corpus/logs/S2_B3_s6089.log,7443.0,8355.0,326,326,8421,9,25
S2_B3_s6090,6090,S2,W5,B3_ADAPTIVE,CLEAN_WIN,1,0,0,20,14010.0,74950.0,1851.0,7515.0,8413.0,143,143,,0,/root/autodl-tmp/hsystem/auto_harness/phase0/corpus/logs/S2_B3_s6090.log,7515.0,8413.0,143,143,,9,22
S2_B3_s6091,6091,S2,W5,B3_ADAPTIVE,CLEAN_WIN,1,0,2,20,22643.0,108425.0,1871.0,7461.0,8370.0,184,184,9357,0,/root/autodl-tmp/hsystem/auto_harness/phase0/corpus/logs/S2_B3_s6091.log,7461.0,8370.0,184,184,9357,11,28
S2_B3_s6092,6092,S2,W5,B3_ADAPTIVE,CLEAN_WIN,1,0,2,20,21947.0,113775.0,1866.0,7406.0,8328.0,128,128,8673,0,/root/autodl-tmp/hsystem/auto_harness/phase0/corpus/logs/S2_B3_s6092.log,7406.0,8328.0,128,128,8673,10,26
S2_B3_s6093,6093,S2,W5,B3_ADAPTIVE,BREAKTHROUGH_WIN,0,1,4,20,38255.0,106300.0,1861.0,7462.0,8387.0,177,176,8276,0,/root/autodl-tmp/hsystem/auto_harness/phase0/corpus/logs/S2_B3_s6093.log,7462.0,8387.0,177,176,8276,11,33
S2_B3_s6094,6094,S2,W5,B3_ADAPTIVE,CLEAN_WIN,1,0,3,20,16853.0,81975.0,1860.0,7425.0,8357.0,224,224,8920,0,/root/autodl-tmp/hsystem/auto_harness/phase0/corpus/logs/S2_B3_s6094.log,7425.0,8357.0,224,224,8920,10,25
S2_B3_s6095,6095,S2,W5,B3_ADAPTIVE,BREAKTHROUGH_WIN,0,1,2,20,39962.0,93500.0,1844.0,7377.0,8277.0,181,180,8400,0,/root/autodl-tmp/hsystem/auto_harness/phase0/corpus/logs/S2_B3_s6095.log,7377.0,8277.0,181,180,8400,10,34
S2_B3_s6096,6096,S2,W5,B3_ADAPTIVE,CLEAN_WIN,1,0,3,20,14282.0,63075.0,1841.0,7385.0,8298.0,238,238,10157,0,/root/autodl-tmp/hsystem/auto_harness/phase0/corpus/logs/S2_B3_s6096.log,7385.0,8298.0,238,238,10157,8,24
S2_B3_s6097,6097,S2,W5,B3_ADAPTIVE,CLEAN_WIN,1,0,3,20,16476.0,79425.0,1840.0,7502.0,8389.0,141,141,8808,0,/root/autodl-tmp/hsystem/auto_harness/phase0/corpus/logs/S2_B3_s6097.log,7502.0,8389.0,141,141,8808,8,25
S2_B3_s6098,6098,S2,W5,B3_ADAPTIVE,DEFEAT,0,1,4,19,24182.0,106100.0,1851.0,7428.0,8357.0,313,312,8293,0,/root/autodl-tmp/hsystem/auto_harness/phase0/corpus/logs/S2_B3_s6098.log,7428.0,8357.0,313,312,8293,11,31
S2_B3_s6099,6099,S2,W5,B3_ADAPTIVE,CLEAN_WIN,1,0,6,20,26223.0,112450.0,1870.0,7389.0,8287.0,200,200,8430,0,/root/autodl-tmp/hsystem/auto_harness/phase0/corpus/logs/S2_B3_s6099.log,7389.0,8287.0,200,200,8430,12,28
S2_B3_s6100,6100,S2,W5,B3_ADAPTIVE,BREAKTHROUGH_WIN,0,1,5,20,39503.0,95550.0,1858.0,7417.0,8322.0,266,265,8600,0,/root/autodl-tmp/hsystem/auto_harness/phase0/corpus/logs/S2_B3_s6100.log,7417.0,8322.0,266,265,8600,11,30
