strategy_id,strategy_name,seed,black_kills,white_usv_losses,black_breakthrough,white_uav_losses,detected,sim_time
1,横向编队-中央汇聚箭头突防,11001,23,4,5,10,25,39699.4
2,菱形编队-接近后扇形展开突防,11001,0,18,22,10,30,42022.0
3,菱形编队-两翼包抄中央突进,11001,10,16,18,10,23,45384.0
4,菱形编队-南北两翼镜像夹击,11001,11,9,1,10,13,42634.0
5,菱形编队-中央汇聚箭头突防,11001,2,20,0,10,30,32038.2
6,菱形编队-MUSV外侧绕行SUSV中央收缩,11001,13,16,2,10,17,40514.0
1,横向编队-中央汇聚箭头突防,11002,19,13,7,10,25,39428.0
2,菱形编队-接近后扇形展开突防,11002,29,15,0,10,30,44887.8
3,菱形编队-两翼包抄中央突进,11002,12,15,12,10,24,45135.0
4,菱形编队-南北两翼镜像夹击,11002,4,16,8,10,18,37916.0
5,菱形编队-中央汇聚箭头突防,11002,2,18,4,10,30,37337.0
6,菱形编队-MUSV外侧绕行SUSV中央收缩,11002,6,20,0,10,26,32729.0
