Group,Short_ID,Strategy_Name,Identity_Level,Source_Archive,Source_File,Entrypoint,Controlled_Side,Scenario_ID,Route_ID,Policy_ID,SHA256,Evidence,Status
OLD_LOCAL,B0,B0_RANDOM,POLICY,(local repo),opponent_profiles.py,scenario_builder random_waypoint,BLACK,,,black-b0-v1,7aa12e1d8b7c588f,strategy_library.db + policy_system/cards,CONFIRMED
OLD_LOCAL,B1,B1_MULTI_AXIS,POLICY,(local repo),opponent_profiles.py,opponent_profiles._multi_axis_paths,BLACK,,,black-b1-v1,7aa12e1d8b7c588f,strategy_library.db + policy_system/cards,CONFIRMED
OLD_LOCAL,B2,B2_COORDINATED_PRESSURE,POLICY,(local repo),opponent_profiles.py,opponent_profiles._coordinated_pressure_paths,BLACK,,,black-b2-v1,7aa12e1d8b7c588f,strategy_library.db + policy_system/cards,CONFIRMED
OLD_LOCAL,B3,B3_ADAPTIVE,POLICY,(local repo),opponent_profiles.py,opponent_profiles adaptive replan,BLACK,,,black-b3-v1,7aa12e1d8b7c588f,strategy_library.db + policy_system/cards,CONFIRMED
WAVE1,W1-1,分散式,POLICY,wang.rar,/root/autodl-tmp/hsystem/external_opponents/xiaowang_source/分散式.py,external_dispersed.py,BLACK,测试1-黑方艇分散式前进.json,,black-external-*,7cfe4a26249b9627,Black waypoint script loads black json,FOUND_2_OF_5
WAVE1,W1-2,两波次,POLICY,wang.rar,/root/autodl-tmp/hsystem/external_opponents/xiaowang_source/两波次.py,external_twowave.py,BLACK,测试2-黑方艇两波次前进.json,,black-external-*,1c01734a320e3198,Black waypoint script loads black json,FOUND_2_OF_5
WAVE2,W2-1,横向编队-中央汇聚箭头突防,ROUTE_STRATEGY,六个策略.zip,/root/sc2agent/six_strategies/六个策略/scenario/plan/横向编队-中央汇聚箭头突防.py,scenario/plan/横向编队-中央汇聚箭头突防.py,BLACK,横向编队-中央汇聚箭头突防,路线1-中央汇聚箭头突防.json,,30219539cb262a17,sces.json registered; black BLUE scripted routes,CONFIRMED
WAVE2,W2-2,菱形编队-接近后扇形展开突防,ROUTE_STRATEGY,六个策略.zip,/root/sc2agent/six_strategies/六个策略/scenario/plan/菱形编队-接近后扇形展开突防.py,scenario/plan/菱形编队-接近后扇形展开突防.py,BLACK,菱形编队-接近后扇形展开突防,路线4-接近后扇形展开突防.json,,211aa28855cd7d47,sces.json registered; black BLUE scripted routes,CONFIRMED
WAVE2,W2-3,菱形编队-两翼包抄中央突进,ROUTE_STRATEGY,六个策略.zip,/root/sc2agent/six_strategies/六个策略/scenario/plan/菱形编队-两翼包抄中央突进.py,scenario/plan/菱形编队-两翼包抄中央突进.py,BLACK,菱形编队-两翼包抄中央突进,路线3-两翼包抄中央突进.json,,eaa350f726711a43,sces.json registered; black BLUE scripted routes,CONFIRMED
WAVE2,W2-4,菱形编队-南北两翼镜像夹击,ROUTE_STRATEGY,六个策略.zip,/root/sc2agent/six_strategies/六个策略/scenario/plan/菱形编队-南北两翼镜像夹击.py,scenario/plan/菱形编队-南北两翼镜像夹击.py,BLACK,菱形编队-南北两翼镜像夹击,路线2-南北两翼镜像夹击.json,,8dc3a9afbac0f69a,sces.json registered; black BLUE scripted routes,CONFIRMED
WAVE2,W2-5,菱形编队-中央汇聚箭头突防,ROUTE_STRATEGY,六个策略.zip,/root/sc2agent/six_strategies/六个策略/scenario/plan/菱形编队-中央汇聚箭头突防.py,scenario/plan/菱形编队-中央汇聚箭头突防.py,BLACK,菱形编队-中央汇聚箭头突防,路线1-中央汇聚箭头突防.json,,c5a335f6d62531dd,sces.json registered; black BLUE scripted routes,CONFIRMED
WAVE2,W2-6,菱形编队-MUSV外侧绕行SUSV中央收缩,ROUTE_STRATEGY,六个策略.zip,/root/sc2agent/six_strategies/六个策略/scenario/plan/菱形编队-MUSV外侧绕行SUSV中央收缩.py,scenario/plan/菱形编队-MUSV外侧绕行SUSV中央收缩.py,BLACK,菱形编队-MUSV外侧绕行SUSV中央收缩,路线5-MUSV外侧绕行SUSV中央收缩.json,,4c63d52937d01f9b,sces.json registered; black BLUE scripted routes,CONFIRMED
