Strategy,Seed,Class,total,T0,first_death,pre_dur,pre_n,pre_mean_vis,pre_peak_vis,pre_mean_alive,pre_vis_per_sensor,pre_vis_per100s,final_alive,final_kill
W2-2,43001,WIN,20,270,6270,6000,20,0.0,0,20.0,0.0,0.0,8,29
W2-2,43002,WIN,20,270,6270,6000,20,0.0,0,20.0,0.0,0.0,9,29
W2-2,43003,WIN,20,270,6270,6000,20,0.0,0,20.0,0.0,0.0,3,29
W2-2,43004,WIN,20,270,6270,6000,20,0.0,0,20.0,0.0,0.0,1,29
W2-2,43005,WIN,20,270,6270,6000,20,0.0,0,20.0,0.0,0.0,4,29
W2-4,43001,WIN,20,270,6270,6000,20,0.0,0,20.0,0.0,0.0,14,10
W2-4,43002,WIN,20,270,6270,6000,20,0.0,0,20.0,0.0,0.0,14,10
W2-4,43003,WIN,20,270,6270,6000,20,0.0,0,20.0,0.0,0.0,13,10
W2-4,43004,WIN,20,270,6270,6000,20,0.0,0,20.0,0.0,0.0,13,10
W2-4,43005,WIN,20,270,6270,6000,20,0.0,0,20.0,0.0,0.0,13,10
W2-1,43001,LOSS,20,270,27270,27000,90,0.0,0,20.0,0.0,0.0,0,2
W2-1,43002,LOSS,20,270,27270,27000,90,0.0,0,20.0,0.0,0.0,0,2
W2-1,43003,LOSS,20,270,27270,27000,90,0.0,0,20.0,0.0,0.0,0,2
W2-1,43004,LOSS,20,270,27270,27000,90,0.0,0,20.0,0.0,0.0,0,2
W2-1,43005,LOSS,20,270,27270,27000,90,0.0,0,20.0,0.0,0.0,0,2
W2-3,43001,LOSS,20,270,6270,6000,20,0.0,0,20.0,0.0,0.0,5,12
W2-3,43002,LOSS,20,270,6270,6000,20,0.0,0,20.0,0.0,0.0,5,12
W2-3,43003,LOSS,20,270,6270,6000,20,0.0,0,20.0,0.0,0.0,2,11
W2-3,43004,LOSS,20,270,6270,6000,20,0.0,0,20.0,0.0,0.0,3,11
W2-3,43005,LOSS,20,270,6270,6000,20,0.0,0,20.0,0.0,0.0,3,11
W2-5,43001,LOSS,20,270,6270,6000,20,0.0,0,20.0,0.0,0.0,0,11
W2-5,43002,LOSS,20,270,6270,6000,20,0.0,0,20.0,0.0,0.0,0,12
W2-5,43003,LOSS,20,270,6270,6000,20,0.0,0,20.0,0.0,0.0,3,15
W2-5,43004,LOSS,20,270,6270,6000,20,0.0,0,20.0,0.0,0.0,0,15
W2-5,43005,LOSS,20,270,6270,6000,20,0.0,0,20.0,0.0,0.0,1,11
W2-6,43001,LOSS,20,270,5970,5700,19,0.11,1,20.0,0.005,0.0,1,3
W2-6,43002,LOSS,20,270,5970,5700,19,0.11,1,20.0,0.005,0.0,1,3
W2-6,43003,LOSS,20,270,5970,5700,19,0.11,1,20.0,0.005,0.0,0,3
W2-6,43004,LOSS,20,270,5970,5700,19,0.11,1,20.0,0.005,0.0,0,3
W2-6,43005,LOSS,20,270,5970,5700,19,0.11,1,20.0,0.005,0.0,0,3
